sortie_id,launch_node,customer_node,recovery_node,total_distance_m,total_time_min,energy_kwh,co2_kg,risk,cost,feasible
SORTIE_000001,0,1,0,3522.754188290375,8.156980576901649,0.18636983902465615,0.06522944365862965,5.5227541882903754e-05,0.5284131282435562,True
SORTIE_000002,0,1,51,4274.28962201797,9.159027821871774,0.2178435016218785,0.07624522556765746,6.274289622017971e-05,0.6411434433026955,True
SORTIE_000003,0,1,52,3990.8897992431157,8.781161391505302,0.2059749589000972,0.07209123561503401,5.990889799243116e-05,0.5986334698864674,True
SORTIE_000004,0,1,53,2136.9250269967692,6.309208361843507,0.12833249642910233,0.04491637375018581,4.136925026996769e-05,0.32053875404951543,True
SORTIE_000005,0,1,54,2940.460624149304,7.380589158046886,0.16198388149314075,0.056694358522599256,4.9404606241493045e-05,0.44106909362239555,True
SORTIE_000006,0,1,55,2695.305279390446,7.0537153650350755,0.1517169848724782,0.053100944705367366,4.695305279390446e-05,0.40429579190856685,True
SORTIE_000007,0,1,56,4263.001066981363,9.143976415156299,0.2173707465707026,0.0760797612997459,6.263001066981363e-05,0.6394501600472043,True
SORTIE_000008,0,2,0,4308.344286878417,9.164927252342084,0.22378895960068224,0.07832613586023877,6.308344286878417e-05,0.6462516430317625,True
SORTIE_000009,0,2,51,5878.470597269388,11.258428999530045,0.29124909923967196,0.10193718473388517,7.878470597269389e-05,0.8817705895904081,True
SORTIE_000010,0,2,52,6367.425031371412,11.910368244999411,0.31225692146603307,0.10928992251311156,8.367425031371412e-05,0.9551137547057118,True
SORTIE_000011,0,2,53,5702.541906924203,11.023857412403133,0.2836903608511435,0.09929162629790023,7.702541906924205e-05,0.8553812860386305,True
SORTIE_000012,0,2,54,4313.394535184936,9.171660916750776,0.22400594243430183,0.07840207985200563,6.313394535184937e-05,0.6470091802777403,True
SORTIE_000013,0,2,55,5153.575029098627,10.291901575302363,0.26010411687178364,0.09103644090512426,7.153575029098628e-05,0.773036254364794,True
SORTIE_000014,0,2,56,3258.0194393072084,7.7644941222471395,0.17866197815050128,0.06253169235267544,5.258019439307209e-05,0.4887029158960812,True
SORTIE_000015,0,3,0,3830.5386008079736,8.424119181992438,0.18658915749513375,0.06530620512329681,5.830538600807973e-05,0.574580790121196,True
SORTIE_000016,0,3,51,4657.414775655615,9.52662074845596,0.21860661578913262,0.07651231552619642,6.657414775655615e-05,0.6986122163483421,True
SORTIE_000017,0,3,52,4373.516945599959,9.148090308381754,0.2076138127430918,0.07266483446008212,6.373516945599959e-05,0.6560275418399939,True
SORTIE_000018,0,3,53,2131.413788031127,6.158619431623309,0.12079737453633059,0.042279081087715706,4.1314137880311265e-05,0.319712068204669,True
SORTIE_000019,0,3,54,3097.1520572481277,7.446270457245976,0.15819170962316673,0.05536709836810835,5.097152057248128e-05,0.4645728085872191,True
SORTIE_000020,0,3,55,2659.9605882606647,6.863348498596027,0.14126322619289083,0.04944212916751179,4.659960588260665e-05,0.3989940882390997,True
SORTIE_000021,0,3,56,4497.180654490401,9.312975253569007,0.21240219311045513,0.07434076758865929,6.497180654490401e-05,0.67457709817356,True
SORTIE_000022,0,4,0,2006.5080999110774,5.096091400210602,0.11932561397625617,0.04176396489168966,4.006508099911077e-05,0.3009762149866616,True
SORTIE_000023,0,4,51,3004.9927205825456,6.42740422777256,0.16144573261814932,0.056506006416352256,5.004992720582546e-05,0.4507489080873818,True
SORTIE_000024,0,4,52,3653.922361829529,7.2926437494352045,0.1888202088130686,0.06608707308457401,5.65392236182953e-05,0.5480883542744294,True
SORTIE_000025,0,4,53,4117.086114655621,7.910195419869993,0.20835832869571658,0.0729254150435008,6.11708611465562e-05,0.6175629171983431,True
SORTIE_000026,0,4,54,3040.9716295007293,6.475376106330137,0.16296346847593413,0.05703721396657694,5.0409716295007295e-05,0.45614574442510936,True
SORTIE_000027,0,4,55,4006.3223245282306,7.762510366366806,0.20368586415815165,0.07129005245535307,6.006322324528231e-05,0.6009483486792346,True
SORTIE_000028,0,4,56,1906.5677569626764,4.962837609612734,0.11510972620497803,0.04028840417174231,3.906567756962676e-05,0.28598516354440146,True
SORTIE_000029,0,5,0,2162.637518954575,5.727218043456459,0.1167384808960093,0.04085846831360325,4.162637518954576e-05,0.32439562784318626,True
SORTIE_000030,0,5,51,3502.6466981712097,7.513896949078637,0.16653326244782707,0.05828664185673947,5.50264669817121e-05,0.5253970047256814,True
SORTIE_000031,0,5,52,4079.868702053639,8.283526287588543,0.18798284953724603,0.0657939973380361,6.07986870205364e-05,0.6119803053080458,True
SORTIE_000032,0,5,53,4135.372966180464,8.357531973090977,0.1900453896677587,0.06651588638371554,6.135372966180464e-05,0.6203059449270696,True
SORTIE_000033,0,5,54,2906.3728267349743,6.718865120496991,0.14437570738497185,0.05053149758474015,4.906372826734975e-05,0.43595592401024613,True
SORTIE_000034,0,5,55,3891.973207352584,8.03299896132047,0.18100064728197535,0.06335022654869137,5.8919732073525846e-05,0.5837959811028876,True
SORTIE_000035,0,5,56,1527.0779526938632,4.879805288442176,0.09312106822752204,0.032592373879632715,3.527077952693864e-05,0.22906169290407946,True
SORTIE_000036,0,6,0,3608.541982354606,7.134612147673831,0.1840075536153778,0.06440264376538223,5.608541982354606e-05,0.5412812973531909,True
SORTIE_000037,0,6,51,4823.4331342141795,8.75446701681993,0.23441212681349316,0.0820442443847226,6.823433134214179e-05,0.723514970132127,True
SORTIE_000038,0,6,52,4703.614598052672,8.594708968604584,0.22944098008384622,0.08030434302934618,6.703614598052671e-05,0.7055421897079007,True
SORTIE_000039,0,6,53,2635.244977611678,5.836882808016594,0.14362647087888758,0.05026926480761065,4.635244977611679e-05,0.39528674664175173,True
SORTIE_000040,0,6,54,2515.5154560335714,5.677243445912452,0.1386590172719355,0.04853065604517742,4.515515456033572e-05,0.3773273184050357,True
SORTIE_000041,0,6,55,2103.8670208237913,5.128378865632746,0.12158015086265957,0.04255305280193085,4.1038670208237916e-05,0.3155800531235687,True
SORTIE_000042,0,6,56,4001.1755383427244,7.658123555657989,0.200297512417487,0.07010412934612044,6.001175538342725e-05,0.6001763307514086,True
SORTIE_000043,0,7,0,4716.931940689633,9.953799995760626,0.2189558783617203,0.0766345574266021,6.716931940689634e-05,0.7075397911034449,True
SORTIE_000044,0,7,51,6407.811240354204,12.208305728646721,0.283228733371392,0.09913005667998719,8.407811240354204e-05,0.9611716860531305,True
SORTIE_000045,0,7,52,6705.396593650126,12.605086199707952,0.29454039841406243,0.10308913944492185,8.705396593650127e-05,1.0058094890475189,True
SORTIE_000046,0,7,53,5371.024407906885,10.825923285383631,0.24381891282947488,0.0853366194903162,7.371024407906886e-05,0.8056536611860328,True
SORTIE_000047,0,7,54,4103.021426532768,9.135252643551473,0.19562022011979574,0.0684670770419285,6.1030214265327686e-05,0.615453213979915,True
SORTIE_000048,0,7,55,4656.367669519419,9.873047634200343,0.2166537396931224,0.07582880889259283,6.65636766951942e-05,0.6984551504279128,True
SORTIE_000049,0,7,56,3961.7162620507934,8.94684575757551,0.19024899915170573,0.066587149703097,5.961716262050794e-05,0.594257439307619,True
SORTIE_000050,0,8,0,2371.833050757744,6.1138607461451375,0.13691724892704313,0.04792103712446509,4.371833050757744e-05,0.35577495761366157,True
SORTIE_000051,0,8,51,3748.8346862760727,7.949862926836243,0.19503846129391803,0.06826346145287131,5.7488346862760725e-05,0.5623252029414109,True
SORTIE_000052,0,8,52,4318.5173308010035,8.709439786202816,0.2190839272614968,0.07667937454152388,6.318517330801005e-05,0.6477775996201505,True
SORTIE_000053,0,8,53,4291.50186901761,8.673419170491627,0.21794364438092437,0.07628027553332352,6.29150186901761e-05,0.6437252803526415,True
SORTIE_000054,0,8,54,3026.7081860384487,6.9870275931860775,0.16455856454327947,0.05759549759014781,5.026708186038449e-05,0.4540062279057673,True
SORTIE_000055,0,8,55,4010.8344148213214,8.299195898229907,0.20609708422511727,0.07213397947879104,6.0108344148213224e-05,0.6016251622231982,True
SORTIE_000056,0,8,56,1576.3015889054095,5.053152130342026,0.10333903678392874,0.036168662874375056,3.57630158890541e-05,0.2364452383358114,True
SORTIE_000057,0,9,0,2385.615752161151,5.948716274584342,0.12776612170623927,0.04471814259718374,4.385615752161151e-05,0.3578423628241726,True
SORTIE_000058,0,9,51,2851.650426981464,6.570095841011427,0.1456788284703781,0.05098758996463233,4.851650426981465e-05,0.42774756404721964,True
SORTIE_000059,0,9,52,2679.062025555636,6.339977972443656,0.13904514734606194,0.04866580157112167,4.6790620255556366e-05,0.4018593038333454,True
SORTIE_000060,0,9,53,2415.564860191421,5.988648418624702,0.12891725834687787,0.04512104042140725,4.4155648601914215e-05,0.36233472902871317,True
SORTIE_000061,0,9,54,2535.825976230289,6.148996573343194,0.13353966569792508,0.04673888299427378,4.53582597623029e-05,0.38037389643454333,True
SORTIE_000062,0,9,55,2849.210346593304,6.56684240049388,0.1455850405038692,0.050954764176354216,4.849210346593305e-05,0.4273815519889956,True
SORTIE_000063,0,9,56,3365.3481904854707,7.255026192350102,0.16542353396163595,0.05789823688657258,5.3653481904854715e-05,0.5048022285728205,True
SORTIE_000064,0,10,0,4058.9978361612134,8.717288294890732,0.19064568538396906,0.06672598988438917,6.058997836161214e-05,0.608849675424182,True
SORTIE_000065,0,10,51,5698.131391512063,10.902799702025199,0.2521988461796422,0.08826959616287477,7.698131391512064e-05,0.8547197087268094,True
SORTIE_000066,0,10,52,6122.856112337434,11.469099329792359,0.2681482170832632,0.09385187597914212,8.122856112337434e-05,0.918428416850615,True
SORTIE_000067,0,10,53,5265.1156698022,10.325445406412047,0.23593812949889773,0.0825783453246142,7.265115669802201e-05,0.7897673504703299,True
SORTIE_000068,0,10,54,3883.354488604216,8.483097164814735,0.18404988165609523,0.06441745857963332,5.883354488604217e-05,0.5825031732906324,True
SORTIE_000069,0,10,55,4680.729021671778,9.546263208904818,0.21399309323154067,0.07489758263103923,6.680729021671779e-05,0.7021093532507667,True
SORTIE_000070,0,10,56,3083.8240584408086,7.417056591263525,0.15402571128374995,0.05390899894931248,5.08382405844081e-05,0.46257360876612125,True
SORTIE_000071,0,11,0,4501.849311881861,10.674843221811388,0.23565620165561474,0.08247967057946515,6.501849311881861e-05,0.675277396782279,True
SORTIE_000072,0,11,51,6132.815497144558,12.849464802161652,0.30520343908518166,0.10682120367981357,8.132815497144559e-05,0.9199223245716837,True
SORTIE_000073,0,11,52,6566.556318442453,13.427785897225512,0.32369890278901153,0.11329461597615403,8.566556318442454e-05,0.9849834477663679,True
SORTIE_000074,0,11,53,5683.27819424904,12.250081731634294,0.2860343859065064,0.10011203506727724,7.683278194249041e-05,0.852491729137356,True
SORTIE_000075,0,11,54,4308.42204104363,10.416940194027081,0.22740812609654182,0.07959284413378963,6.30842204104363e-05,0.6462633061565445,True
SORTIE_000076,0,11,55,5074.622328234095,11.438540576947702,0.2600802401926749,0.0910280840674362,7.074622328234096e-05,0.7611933492351143,True
SORTIE_000077,0,11,56,3509.5747298133683,9.351810445720066,0.19334388606133007,0.06767036012146552,5.5095747298133693e-05,0.5264362094720052,True
SORTIE_000078,0,12,0,4051.1288932181988,9.717542487290562,0.2044389755652199,0.07155364144782696,6.051128893218199e-05,0.6076693339827297,True
SORTIE_000079,0,12,51,4091.4525173587554,9.771307319477971,0.20605321123048104,0.07211862393066835,6.091452517358756e-05,0.6137178776038132,True
SORTIE_000080,0,12,52,3565.1617265169807,9.069586265022272,0.18498473380608188,0.06474465683212866,5.565161726516981e-05,0.534774258977547,True
SORTIE_000081,0,12,53,3099.7993546133457,8.449103102484091,0.16635534336788926,0.05822437017876124,5.099799354613347e-05,0.4649699031920018,True
SORTIE_000082,0,12,54,3968.8153388440473,9.60779108145836,0.20114379865497972,0.0704003295292429,5.9688153388440474e-05,0.5953223008266071,True
SORTIE_000083,0,12,55,3857.8682663442733,9.459861651458663,0.19670236450309958,0.06884582757608484,5.8578682663442736e-05,0.578680239951641,True
SORTIE_000084,0,12,56,5016.05979800961,11.004117027012445,0.24306709776965124,0.08507348421937792,7.01605979800961e-05,0.7524089697014414,True
SORTIE_000085,0,13,0,3439.9937603079206,8.827027181124304,0.17617491000211138,0.06166121850073898,5.4399937603079214e-05,0.515999064046188,True
SORTIE_000086,0,13,51,3203.2706621908915,8.511396383634933,0.166939015324151,0.05842865536345285,5.2032706621908914e-05,0.4804905993286337,True
SORTIE_000087,0,13,52,2722.285454863945,7.87008277386567,0.1481730868961087,0.051860580413638044,4.7222854548639454e-05,0.4083428182295917,True
SORTIE_000088,0,13,53,3241.57748871448,8.56247215233305,0.16843357930220376,0.05895175275577131,5.2415774887144805e-05,0.486236623307172,True
SORTIE_000089,0,13,54,3718.087354202281,9.19781863965012,0.18702489956482832,0.0654587148476899,5.7180873542022806e-05,0.5577131031303422,True
SORTIE_000090,0,13,55,3880.095553759403,9.413829572392949,0.19334574734004562,0.06767101156901596,5.880095553759404e-05,0.5820143330639105,True
SORTIE_000091,0,13,56,4481.259694794208,10.215381760439357,0.2168005294670482,0.07588018531346687,6.481259694794209e-05,0.6721889542191313,True
SORTIE_000092,0,14,0,2540.019972553037,5.754967093971841,0.14358649098021134,0.05025527184307397,4.540019972553037e-05,0.3810029958829555,True
SORTIE_000093,0,14,51,3871.568819602797,7.5303655567048535,0.20078675630628276,0.07027536470719896,5.871568819602798e-05,0.5807353229404195,True
SORTIE_000094,0,14,52,3870.1305289377797,7.528447835818165,0.2007249706588112,0.07025373973058392,5.8701305289377795e-05,0.580519579340667,True
SORTIE_000095,0,14,53,2386.6674054057003,5.550497004442059,0.13699881862504612,0.04794958651876614,4.3866674054057006e-05,0.35800011081085503,True
SORTIE_000096,0,14,54,1555.3130018108086,4.442024466315536,0.101285752167899,0.03545001325876465,3.5553130018108086e-05,0.23329695027162128,True
SORTIE_000097,0,14,55,2107.750767424848,5.178608153800923,0.1250172035820012,0.043756021253700414,4.1077507674248485e-05,0.31616261511372723,True
SORTIE_000098,0,14,56,2979.007629905651,6.340283970441993,0.16244438758015609,0.05685553565305462,4.9790076299056506e-05,0.4468511444858476,True
SORTIE_000099,0,15,0,1890.111803257144,6.318297445572056,0.11102073460955329,0.03885725711334365,3.890111803257144e-05,0.2835167704885716,True
SORTIE_000100,0,15,51,3452.548542674249,8.40154643146153,0.1695699112594298,0.059349468940800426,5.4525485426742494e-05,0.5178822814011373,True
SORTIE_000101,0,15,52,3933.889109132217,9.043333853405487,0.18760718159705195,0.06566251355896818,5.933889109132218e-05,0.5900833663698326,True
SORTIE_000102,0,15,53,3671.4596091387166,8.693427853414153,0.1777731635113082,0.062220607228957864,5.671459609138717e-05,0.5507189413708075,True
SORTIE_000103,0,15,54,2385.8808811430426,6.979322882753254,0.1295986844147511,0.04535953954516288,4.385880881143043e-05,0.3578821321714564,True
SORTIE_000104,0,15,55,3369.2491685195037,8.2904805992552,0.16644843462669914,0.058256952119344695,5.369249168519504e-05,0.5053873752779255,True
SORTIE_000105,0,15,56,1068.7186873164374,5.223106624317781,0.08024067841211233,0.028084237444239313,3.0687186873164376e-05,0.1603078030974656,True
SORTIE_000106,0,16,0,3355.4988544164107,8.806212987278748,0.16908297043006196,0.05917903965052168,5.355498854416411e-05,0.5033248281624616,True
SORTIE_000107,0,16,51,3820.5346334389455,9.426260692642128,0.1866497168210655,0.06532740088737292,5.820534633438946e-05,0.5730801950158418,True
SORTIE_000108,0,16,52,3478.2452954763658,8.96987490869202,0.17371972247746517,0.0608019028671128,5.478245295476366e-05,0.5217367943214548,True
SORTIE_000109,0,16,53,2408.721013891962,7.543842533246148,0.1333183971147063,0.04666143899014721,4.408721013891962e-05,0.36130815208379424,True
SORTIE_000110,0,16,54,3102.9696764146656,8.469507416609755,0.1595436699581508,0.055840284485352776,5.102969676414666e-05,0.4654454514621998,True
SORTIE_000111,0,16,55,3045.7768684373686,8.393250339306691,0.1573832091969631,0.05508412321893708,5.045776868437369e-05,0.4568665302656053,True
SORTIE_000112,0,16,56,4239.665432607295,9.985101758199924,0.2024824006397706,0.0708688402239197,6.239665432607296e-05,0.6359498148910941,True
SORTIE_000113,0,17,0,3133.929949879479,6.2203821296305755,0.15822730023215537,0.055379555081254375,5.133929949879479e-05,0.4700894924819218,True
SORTIE_000114,0,17,51,4591.930760656362,8.16438321066642,0.21640909713274065,0.07574318399645923,6.591930760656362e-05,0.6887896140984542,True
SORTIE_000115,0,17,52,5139.8909286387325,8.894996767976247,0.23827555081884882,0.08339644278659708,7.139890928638734e-05,0.7709836392958098,True
SORTIE_000116,0,17,53,4873.271036322767,8.539503578221627,0.22763603381054365,0.07967261183369027,6.873271036322768e-05,0.730990655448415,True
SORTIE_000117,0,17,54,3526.6546876672564,6.744015113347613,0.17389905484498647,0.060864669195745257,5.5266546876672564e-05,0.5289982031500885,True
SORTIE_000118,0,17,55,4481.570500433946,8.017236197036533,0.2120051501673511,0.07420180255857288,6.481570500433946e-05,0.6722355750650919,True
SORTIE_000119,0,17,56,2097.4469362055947,4.838404778065398,0.11686625039820649,0.04090318763937227,4.097446936205595e-05,0.31461704043083916,True
SORTIE_000120,0,18,0,3134.1306763784637,6.544338415723544,0.15143638307186935,0.05300273407515427,5.134130676378464e-05,0.47011960145676956,True
SORTIE_000121,0,18,51,3826.549431997986,7.467563423216242,0.17727935900843922,0.062047775652953725,5.826549431997986e-05,0.5739824147996979,True
SORTIE_000122,0,18,52,4563.004547560072,8.449503577299023,0.20476589324133448,0.07166806263446707,6.563004547560072e-05,0.6844506821340108,True
SORTIE_000123,0,18,53,5250.6030032495955,9.366301518218386,0.23042896230206217,0.08065013680572175,7.250603003249595e-05,0.7875904504874393,True
SORTIE_000124,0,18,54,4165.312592934972,7.919247637798888,0.18992293364479906,0.06647302677567966,6.165312592934973e-05,0.6247968889402457,True
SORTIE_000125,0,18,55,5137.260456176874,9.215178122121424,0.2261987061271422,0.07916954714449977,7.137260456176874e-05,0.770589068426531,True
SORTIE_000126,0,18,56,2885.8221473714325,6.213260377047503,0.14216882454909027,0.049759088592181595,4.8858221473714326e-05,0.4328733221057149,True
SORTIE_000127,0,19,0,4556.555213463629,8.674733906265011,0.22340003343448064,0.07819001170206823,6.55655521346363e-05,0.6834832820195443,True
SORTIE_000128,0,19,51,6091.857257610444,10.721803298460765,0.28674634559774287,0.10036122095921,8.091857257610445e-05,0.9137785886415666,True
SORTIE_000129,0,19,52,6605.910680321115,11.407207862074994,0.307956106053523,0.10778463711873305,8.605910680321116e-05,0.9908866020481673,True
SORTIE_000130,0,19,53,6004.64720750988,10.605523231660014,0.2831480731415148,0.09910182559953018,8.00464720750988e-05,0.900697081126482,True
SORTIE_000131,0,19,54,4615.173865183555,8.752892108558246,0.22581862945250622,0.07903652030837717,6.615173865183555e-05,0.6922760797775331,True
SORTIE_000132,0,19,55,5461.872356325941,9.881823430081427,0.26075327122709874,0.09126364492948455,7.461872356325942e-05,0.8192808534488911,True
SORTIE_000133,0,19,56,3494.446205671793,7.258588562542563,0.17957758884418315,0.0628521560954641,5.494446205671793e-05,0.5241669308507689,True
SORTIE_000134,0,20,0,3123.0528526032135,6.557243724809558,0.1638915967918799,0.05736205887715796,5.123052852603214e-05,0.46845792789048196,True
SORTIE_000135,0,20,51,4156.059265692529,7.934585608928645,0.2066661712983716,0.07233315995443006,6.15605926569253e-05,0.6234088898538793,True
SORTIE_000136,0,20,52,3996.9742855841496,7.722472302117472,0.2000788043195363,0.0700275815118377,5.9969742855841505e-05,0.5995461428376224,True
SORTIE_000137,0,20,53,2187.756147461145,5.3101814512868,0.12516297120655495,0.04380703992229423,4.187756147461145e-05,0.3281634221191717,True
SORTIE_000138,0,20,54,2342.9061346592484,5.517048100884271,0.1315873985895752,0.046055589506351316,4.3429061346592486e-05,0.35143592019888725,True
SORTIE_000139,0,20,55,2255.680730621186,5.4007475621668535,0.12797558215106256,0.04479145375287189,4.255680730621186e-05,0.33835210959317785,True
SORTIE_000140,0,20,56,3734.8001027665578,7.37290672502735,0.18922273510785367,0.06622795728774879,5.734800102766558e-05,0.5602200154149837,True
SORTIE_000141,0,21,0,3209.134729783363,7.181692381720637,0.17426060084085576,0.06099121029429951,5.209134729783364e-05,0.4813702094675045,True
SORTIE_000142,0,21,51,3681.691691970618,7.811768331303644,0.1945299572538679,0.06808548503885375,5.6816916919706184e-05,0.5522537537955927,True
SORTIE_000143,0,21,52,3360.202891124117,7.383116596841641,0.18074035809742284,0.06325912533409798,5.360202891124118e-05,0.5040304336686176,True
SORTIE_000144,0,21,53,2393.954329917363,6.094785181899303,0.13929511860712188,0.04875329151249266,4.3939543299173635e-05,0.3590931494876044,True
SORTIE_000145,0,21,54,2998.2065245958925,6.900454774804009,0.1652132704434514,0.057824644655207987,4.998206524595893e-05,0.4497309786893839,True
SORTIE_000146,0,21,55,2995.7793560687014,6.897218550101087,0.16510916205464604,0.05778820671912611,4.995779356068702e-05,0.4493669034103052,True
SORTIE_000147,0,21,56,4103.732236845681,8.374489057803729,0.2126325161183476,0.07442138064142166,6.103732236845682e-05,0.6155598355268521,True
SORTIE_000148,0,22,0,2340.3129642107265,5.979755966260466,0.13248391459434875,0.04636937010802206,4.340312964210727e-05,0.35104694463160896,True
SORTIE_000149,0,22,51,3822.8241323047678,7.956437523719188,0.19332624630143502,0.06766418620550226,5.8228241323047685e-05,0.5734236198457151,True
SORTIE_000150,0,22,52,4350.235040175775,8.6596520675472,0.21497121606168157,0.07523992562158854,6.350235040175776e-05,0.6525352560263663,True
SORTIE_000151,0,22,53,4156.271044323129,8.401033406410336,0.2070109240727378,0.07245382342545822,6.15627104432313e-05,0.6234406566484693,True
SORTIE_000152,0,22,54,2855.4539170410426,6.666610570034221,0.1536253247924933,0.05376886367737265,4.8554539170410436e-05,0.42831808755615636,True
SORTIE_000153,0,22,55,3834.291194632481,7.97172694015614,0.1937968551068618,0.06782889928740161,5.8342911946324816e-05,0.5751436791948722,True
SORTIE_000154,0,22,56,1371.8776602959163,4.688508894374053,0.09273928179445598,0.03245874862805959,3.3718776602959164e-05,0.20578164904438742,True
SORTIE_000155,0,23,0,2868.3979423733276,7.726455924874358,0.14551653484014768,0.05093078719405168,4.868397942373328e-05,0.4302596913559991,True
SORTIE_000156,0,23,51,4210.374634568624,9.515758181134755,0.19459801244219777,0.06810930435476921,6.210374634568625e-05,0.6315561951852936,True
SORTIE_000157,0,23,52,4191.778179777392,9.490962908079778,0.19391786539894307,0.06787125288963007,6.191778179777392e-05,0.6287667269666088,True
SORTIE_000158,0,23,53,2528.8763811946,7.273760509969389,0.13309886767996298,0.046584603687987045,4.5288763811946e-05,0.37933145717919003,True
SORTIE_000159,0,23,54,1750.1167276862475,6.235414305291585,0.10461649930997045,0.03661577475848966,3.750116727686248e-05,0.2625175091529371,True
SORTIE_000160,0,23,55,2125.3406404891634,6.735712855695473,0.11833994486539429,0.041418980702888,4.125340640489164e-05,0.31880109607337453,True
SORTIE_000161,0,23,56,3233.328237826373,8.213029652145085,0.15886350146539333,0.05560222551288766,5.233328237826373e-05,0.4849992356739559,True
SORTIE_000162,0,24,0,4455.50475789846,10.839368746960826,0.21115214233030086,0.0739032498156053,6.455504757898461e-05,0.6683257136847691,True
SORTIE_000163,0,24,51,6079.061153292401,13.00411060748608,0.2718445398750212,0.09514558895625742,8.079061153292402e-05,0.9118591729938601,True
SORTIE_000164,0,24,52,6520.943047801846,13.593286466832007,0.288363135524342,0.1009270974335197,8.520943047801846e-05,0.9781414571702769,True
SORTIE_000165,0,24,53,5671.0420256608495,12.460085103977343,0.25659181494946937,0.08980713523231428,7.67104202566085e-05,0.8506563038491274,True
SORTIE_000166,0,24,54,4292.4039591945175,10.621901015355569,0.20505504675488098,0.07176926636420834,6.292403959194518e-05,0.6438605938791776,True
SORTIE_000167,0,24,55,5071.945431536398,11.661289645144741,0.2341961601009869,0.08196865603534541,7.071945431536399e-05,0.7607918147304596,True
SORTIE_000168,0,24,56,3452.798252011904,9.502426739112083,0.17366858952696382,0.060784006334437334,5.4527982520119044e-05,0.5179197378017856,True
SORTIE_000169,0,25,0,1776.3655635567773,5.770632222741577,0.11487001797807612,0.04020450629232664,3.776365563556778e-05,0.2664548345335166,True
SORTIE_000170,0,25,51,2382.417949883374,6.57870207117704,0.1408885514900068,0.04931099302150238,4.3824179498833744e-05,0.3573626924825061,True
SORTIE_000171,0,25,52,2376.087248689983,6.570261136252519,0.14061676712801024,0.04921586849480358,4.3760872486899834e-05,0.3564130873034974,True
SORTIE_000172,0,25,53,2368.7980913903402,6.560542259852995,0.14030383513111802,0.0491063422958913,4.368798091390341e-05,0.35531971370855103,True
SORTIE_000173,0,25,54,2177.269772785626,6.305171168380043,0.13208130175194074,0.04622845561317926,4.1772697727856265e-05,0.3265904659178439,True
SORTIE_000174,0,25,55,2680.54066932205,6.976199030428608,0.15368730641843487,0.0537905572464522,4.6805406693220506e-05,0.40208110039830747,True
SORTIE_000175,0,25,56,2792.564692728951,7.125564394971143,0.15849662797695613,0.05547381979193464,4.7925646927289515e-05,0.41888470390934257,True
SORTIE_000176,0,26,0,1974.7981069590726,7.121349987260305,0.11508236280252702,0.040278826980884454,3.974798106959073e-05,0.2962197160438609,True
SORTIE_000177,0,26,51,3079.8283489435544,8.594723643239615,0.1554434349107624,0.05440520221876684,5.079828348943555e-05,0.46197425234153316,True
SORTIE_000178,0,26,52,3708.406827715853,9.43282828160268,0.17840217426784322,0.06244076099374512,5.7084068277158535e-05,0.556261024157378,True
SORTIE_000179,0,26,53,4067.3916921715822,9.911474767543652,0.19151404528237986,0.06702991584883294,6.067391692171583e-05,0.6101087538257373,True
SORTIE_000180,0,26,54,2953.4780875723523,8.426256628078011,0.15082850962062805,0.05278997836721981,4.953478087572353e-05,0.4430217131358528,True
SORTIE_000181,0,26,55,3926.2891047817625,9.723337984357226,0.18636029338680138,0.06522610268538048,5.926289104781763e-05,0.5889433657172644,True
SORTIE_000182,0,26,56,1771.0794036011753,6.849725049449775,0.10764156619477251,0.037674548168170376,3.771079403601176e-05,0.2656619105401763,True
SORTIE_000183,0,27,0,4652.620580811547,10.021541569848761,0.2172043027179985,0.07602150595129947,6.652620580811547e-05,0.697893087121732,True
SORTIE_000184,0,27,51,6339.460749264141,12.27066179445222,0.2813522790882461,0.09847329768088614,8.339460749264142e-05,0.950919112389621,True
SORTIE_000185,0,27,52,6668.448909160938,12.709312674314615,0.29386320045580544,0.10285212015953189,8.668448909160939e-05,1.0002673363741406,True
SORTIE_000186,0,27,53,5433.6399545909035,11.062900734887904,0.24690528640981046,0.08641685024343365,7.433639954590904e-05,0.8150459931886355,True
SORTIE_000187,0,27,54,4130.586998485864,9.325496793414517,0.1973521563618782,0.06907325472665736,6.130586998485865e-05,0.6195880497728795,True
SORTIE_000188,0,27,55,4741.647601787759,10.140244264483712,0.22058986546703746,0.0772064529134631,6.74164760178776e-05,0.7112471402681639,True
SORTIE_000189,0,27,56,3836.5349691013034,8.93342742090177,0.18616980311623088,0.0651594310906808,5.836534969101304e-05,0.5754802453651955,True
SORTIE_000190,0,28,0,2025.9144096358925,5.823771343069405,0.11978639739588215,0.04192523908855875,4.025914409635893e-05,0.30388716144538386,True
SORTIE_000191,0,28,51,3558.1500462482654,7.866752191885902,0.18202849052276524,0.06370997168296783,5.558150046248266e-05,0.5337225069372398,True
SORTIE_000192,0,28,52,4057.392028544687,8.53240816828113,0.2023085735677236,0.07080800074870326,6.057392028544688e-05,0.6086088042817029,True
SORTIE_000193,0,28,53,3827.5691928931274,8.225977720745718,0.19297276777029745,0.0675404687196041,5.8275691928931286e-05,0.574135378933969,True
SORTIE_000194,0,28,54,2538.832304259996,6.507661869234876,0.14062201993382387,0.04921770697683835,4.538832304259997e-05,0.3808248456389994,True
SORTIE_000195,0,28,55,3521.243375034223,7.817543296933845,0.1805292769476349,0.06318524693167221,5.5212433750342236e-05,0.5281865062551334,True
SORTIE_000196,0,28,56,1115.88220796204,4.610395074170935,0.08281929671528637,0.028986753850350228,3.11588220796204e-05,0.16738233119430598,True
SORTIE_000197,0,29,0,2137.7718713128093,6.212053141312645,0.12601741736034872,0.04410609607612205,4.1377718713128095e-05,0.32066578069692137,True
SORTIE_000198,0,29,51,3310.708212252637,7.775968262565749,0.17406501531238092,0.060922755359333315,5.3107082122526375e-05,0.49660623183789554,True
SORTIE_000199,0,29,52,3289.938992706031,7.74827596983694,0.17321423503068786,0.06062498226074075,5.2899389927060316e-05,0.4934908489059046,True
SORTIE_000200,0,29,53,2149.494283140239,6.2276830237492184,0.12649760857862166,0.04427416300251758,4.1494942831402394e-05,0.32242414247103585,True
SORTIE_000201,0,29,54,1658.0102122782891,5.572370929266619,0.1063646923986339,0.03722764233952186,3.658010212278289e-05,0.24870153184174337,True
SORTIE_000202,0,29,55,2158.388296648058,6.239541708426309,0.12686193865374,0.04440167852880899,4.158388296648058e-05,0.32375824449720864,True
SORTIE_000203,0,29,56,2812.0478933657923,7.111087837383289,0.15363813477314422,0.05377334717060048,4.812047893365793e-05,0.42180718400486883,True
SORTIE_000204,0,30,0,3315.134857238245,8.869886099922724,0.16896170750734663,0.05913659762757131,5.315134857238246e-05,0.4972702285857367,True
SORTIE_000205,0,30,51,3792.456624721275,9.506315123233431,0.18712696852554794,0.06549443898394178,5.792456624721276e-05,0.5688684937081913,True
SORTIE_000206,0,30,52,4559.376060144041,10.528874370463786,0.21631334273564806,0.07570966995747681,6.559376060144041e-05,0.6839064090216062,True
SORTIE_000207,0,30,53,5432.092557599957,11.692496367071673,0.24952599728264768,0.08733409904892668,7.432092557599959e-05,0.8148138836399935,True
SORTIE_000208,0,30,54,4410.934014266251,10.330951642626733,0.21066413774827714,0.07373244821189699,6.410934014266252e-05,0.6616401021399377,True
SORTIE_000209,0,30,55,5369.798905287877,11.609438163988901,0.24715531039779642,0.08650435863922874,7.369798905287878e-05,0.8054698357931815,True
SORTIE_000210,0,30,56,3200.60927781435,8.71718532735753,0.164603249156566,0.057611137204798095,5.200609277814351e-05,0.48009139167215253,True
SORTIE_000211,0,31,0,4508.9878141241725,8.450503484743658,0.20098202688896283,0.07034370941113699,6.508987814124173e-05,0.6763481721186259,True
SORTIE_000212,0,31,51,5237.067493864617,9.421276391064252,0.2278233482903057,0.079738171901607,7.237067493864618e-05,0.7855601240796926,True
SORTIE_000213,0,31,52,5993.653998893861,10.430058397769908,0.2557155998041074,0.08950045993143758,7.993653998893862e-05,0.8990480998340792,True
SORTIE_000214,0,31,53,6595.890065356354,11.2330398197199,0.27791758163274866,0.09727115357146203,8.595890065356355e-05,0.989383509803453,True
SORTIE_000215,0,31,54,5406.468329173496,9.647144171476091,0.2340684645773068,0.08192396260205737,7.406468329173498e-05,0.8109702493760245,True
SORTIE_000216,0,31,55,6391.990698767824,10.961173997601861,0.27040064552750803,0.0946402259346278,8.391990698767825e-05,0.9587986048151735,True
SORTIE_000217,0,31,56,3967.146735878686,7.728048713749676,0.18100656138109145,0.063352296483382,5.967146735878686e-05,0.5950720103818029,True
SORTIE_000218,0,32,0,2209.5496636773896,7.70897763569887,0.129279152548481,0.04524770339196835,4.20954966367739e-05,0.3314324495516084,True
SORTIE_000219,0,32,51,3574.4932329175163,9.528902394685705,0.18192822369121592,0.06367487829192557,5.574493232917517e-05,0.5361739849376275,True
SORTIE_000220,0,32,52,3611.897316308521,9.578774505873712,0.1833709868148065,0.06417984538518227,5.611897316308521e-05,0.5417845974462782,True
SORTIE_000221,0,32,53,2329.911490462745,7.869460071412678,0.1339217901813463,0.04687262656347121,4.3299114904627446e-05,0.34948672356941174,True
SORTIE_000222,0,32,54,1384.6573009768738,6.609121152098183,0.09746112162937434,0.034111392570281014,3.384657300976874e-05,0.20769859514653108,True
SORTIE_000223,0,32,55,2107.5617655870055,7.572993771578358,0.12534524039030442,0.04387083413660654,4.107561765587006e-05,0.3161342648380508,True
SORTIE_000224,0,32,56,2682.4683182527556,8.339535841799359,0.14752073297024615,0.05163225653958615,4.682468318252756e-05,0.40237024773791336,True
SORTIE_000225,0,33,0,4674.74489647468,8.579463386295638,0.2138635512584944,0.07485224294047303,6.67474489647468e-05,0.701211734471202,True
SORTIE_000226,0,33,51,6280.473002160772,10.720434193877095,0.2755123355747112,0.09642931745114892,8.280473002160771e-05,0.9420709503241157,True
SORTIE_000227,0,33,52,6740.106811290254,11.333279272716403,0.2931590750588889,0.10260567627061111,8.740106811290254e-05,1.011016021693538,True
SORTIE_000228,0,33,53,5926.246323506173,10.248131955670962,0.261912496327894,0.09166937371476289,7.926246323506173e-05,0.8889369485259259,True
SORTIE_000229,0,33,54,4546.379066135169,8.408308945842956,0.20893519672565072,0.07312731885397775,6.546379066135169e-05,0.6819568599202752,True
SORTIE_000230,0,33,55,5327.577745884364,9.44990718550855,0.2389277893354648,0.08362472626741267,7.327577745884365e-05,0.7991366618826545,True
SORTIE_000231,0,33,56,3651.320432724463,7.214897434628682,0.1745711742948872,0.061099911003210515,5.6513204327244624e-05,0.5476980649086695,True
SORTIE_000232,0,34,0,3030.790052046075,6.201199200609626,0.14513658407117166,0.05079780442491008,5.030790052046075e-05,0.45461850780691115,True
SORTIE_000233,0,34,51,4714.036274163058,8.445527496765603,0.20705945534861842,0.07247080937201644,6.714036274163058e-05,0.7071054411244586,True
SORTIE_000234,0,34,52,4972.065114766497,8.789565950903523,0.21655176043899343,0.0757931161536477,6.972065114766498e-05,0.7458097672149745,True
SORTIE_000235,0,34,53,3784.2339503877847,7.20579106506524,0.1728541033020266,0.06049893615570931,5.784233950387785e-05,0.5676350925581677,True
SORTIE_000236,0,34,54,2421.2956540808764,5.388540003322694,0.12271464564432819,0.04295012597551486,4.421295654080876e-05,0.3631943481121314,True
SORTIE_000237,0,34,55,3200.8796318302316,6.427985306988502,0.15139380004838202,0.052987830016933704,5.200879631830232e-05,0.48013194477453475,True
SORTIE_000238,0,34,56,2567.922061418215,5.58404187977248,0.12810870388020845,0.04483804635807295,4.5679220614182156e-05,0.3851883092127322,True
SORTIE_000239,0,35,0,2772.7396373679862,6.650959474013463,0.15095572501494361,0.052834503755230265,4.772739637367987e-05,0.415910945605198,True
SORTIE_000240,0,35,51,4451.112866511425,8.888790446204716,0.22004596182505012,0.07701608663876754,6.451112866511425e-05,0.6676669299767136,True
SORTIE_000241,0,35,52,4819.69078861412,9.380227675674973,0.23521847261041837,0.08232646541364642,6.819690788614121e-05,0.7229536182921179,True
SORTIE_000242,0,35,53,3992.568281033399,8.277397665567346,0.20116997319000893,0.07040949061650312,5.9925682810333997e-05,0.5988852421550098,True
SORTIE_000243,0,35,54,2603.6618842717216,6.425522469885111,0.14399563902340085,0.05039847365819029,4.603661884271722e-05,0.3905492826407583,True
SORTIE_000244,0,35,55,3495.433784848802,7.614551670654551,0.18070543081560755,0.06324690078546263,5.4954337848488026e-05,0.5243150677273203,True
SORTIE_000245,0,35,56,2011.1776252631435,5.635543457873673,0.1196060235014383,0.0418621082255034,4.011177625263144e-05,0.3016766437894715,True
SORTIE_000246,0,36,0,2014.9520746346677,4.8170279522179325,0.11920760742655388,0.04172266259929386,4.0149520746346677e-05,0.3022428111952002,True
SORTIE_000247,0,36,51,2656.39717073123,5.672288080346682,0.1464850823292653,0.051269778815242854,4.6563971707312305e-05,0.3984595756096844,True
SORTIE_000248,0,36,52,2579.6537747765165,5.569963552407064,0.14322156676130401,0.0501275483664564,4.579653774776517e-05,0.3869480662164774,True
SORTIE_000249,0,36,53,2306.6885309747604,5.206009894004723,0.13161371032522642,0.04606479861382925,4.306688530974761e-05,0.3460032796462141,True
SORTIE_000250,0,36,54,2220.5459280835853,5.091153090149822,0.12795049315712054,0.044782672604992184,4.220545928083586e-05,0.33308188921253773,True
SORTIE_000251,0,36,55,2643.703190252936,5.65536277304229,0.14594527037026944,0.0510808446295943,4.643703190252937e-05,0.3965554785379404,True
SORTIE_000252,0,36,56,2988.857527006104,6.1155685553798484,0.16062297048153387,0.05621803966853685,4.9888575270061046e-05,0.44832862905091564,True
SORTIE_000253,0,37,0,3276.237675966833,8.082014856517429,0.16453927049023495,0.05758874467158223,5.276237675966833e-05,0.491435651395025,True
SORTIE_000254,0,37,51,4645.101959684151,9.907167234807185,0.21663443160640178,0.07582205106224062,6.64510195968415e-05,0.6967652939526225,True
SORTIE_000255,0,37,52,4617.205003141601,9.869971292750453,0.21557275115858687,0.0754504629055054,6.617205003141601e-05,0.6925807504712401,True
SORTIE_000256,0,37,53,2783.4463551764593,7.424959762130264,0.1457850056894122,0.05102475199129426,4.783446355176459e-05,0.4175169532764689,True
SORTIE_000257,0,37,54,2080.565030922512,6.487784663125001,0.11903530064698317,0.041662355226444105,4.080565030922512e-05,0.3120847546383768,True
SORTIE_000258,0,37,55,2199.476500299783,6.646333288961362,0.12356073989574971,0.0432462589635124,4.199476500299783e-05,0.3299214750449674,True
SORTIE_000259,0,37,56,3541.669147760901,8.435923485576186,0.17464085284057757,0.061124298494202145,5.541669147760902e-05,0.5312503721641352,True
SORTIE_000260,0,38,0,1998.978852301681,6.236563982555153,0.11273707121726079,0.03945797492604127,3.998978852301681e-05,0.29984682784525213,True
SORTIE_000261,0,38,51,3580.9675177212075,8.34588220311452,0.17086689485468623,0.059803413199140176,5.580967517721208e-05,0.5371451276581811,True
SORTIE_000262,0,38,52,3745.7027394682746,8.565529165443944,0.1769200541448571,0.06192201895069998,5.745702739468274e-05,0.5618554109202412,True
SORTIE_000263,0,38,53,2651.3144427599073,7.106344769832788,0.1367069982177785,0.04784744937622248,4.651314442759908e-05,0.39769716641398606,True
SORTIE_000264,0,38,54,1304.433519958815,5.310503539431331,0.08721615658631988,0.03052565480521196,3.304433519958815e-05,0.1956650279938222,True
SORTIE_000265,0,38,55,2289.845063723553,6.624385597784316,0.12342488582783871,0.04319871003974355,4.289845063723554e-05,0.3434767595585329,True
SORTIE_000266,0,38,56,2183.252901288223,6.4822627145372085,0.11950818039312919,0.04182786313759521,4.1832529012882235e-05,0.3274879351932334,True
SORTIE_000267,0,39,0,2313.2762495232655,7.858893939751874,0.14179749705295122,0.049629123968532925,4.3132762495232664e-05,0.34699143742848987,True
SORTIE_000268,0,39,51,3297.8768959814133,9.17169480169607,0.18338132740002183,0.06418346459000764,5.297876895981414e-05,0.494681534397212,True
SORTIE_000269,0,39,52,3208.7416736583896,9.052847838598705,0.17961677171304097,0.06286587009956433,5.20874167365839e-05,0.4813112510487584,True
SORTIE_000270,0,39,53,2119.705391428806,7.600799462292594,0.13362218480621177,0.04676776468217412,4.1197053914288065e-05,0.3179558087143209,True
SORTIE_000271,0,39,54,1964.4349846814068,7.393772253296062,0.12706446186002948,0.044472561651010316,3.964434984681408e-05,0.29466524770221103,True
SORTIE_000272,0,39,55,2301.608818059636,7.843337364467034,0.1413047323037964,0.049456656306328735,4.3016088180596366e-05,0.3452413227089454,True
SORTIE_000273,0,39,56,3084.28069723743,8.886899870037425,0.17436026071344157,0.061026091249704546,5.084280697237431e-05,0.4626421045856145,True
SORTIE_000274,0,40,0,2129.031683474627,7.777420953059281,0.13482358604087585,0.04718825511430655,4.129031683474627e-05,0.319354752521194,True
SORTIE_000275,0,40,51,3753.575035397007,9.943478755622454,0.20354993260711515,0.0712424764124903,5.753575035397008e-05,0.563036255309551,True
SORTIE_000276,0,40,52,3947.33036137223,10.201819190256085,0.21174675645073274,0.07411136475775645,5.94733036137223e-05,0.5920995542058345,True
SORTIE_000277,0,40,53,2849.8257972897213,8.738479771479408,0.1653167988014599,0.05786087958051096,4.849825797289722e-05,0.4274738695934582,True
SORTIE_000278,0,40,54,1469.261779245197,6.897727747420041,0.10691200397174264,0.03741920139010992,3.4692617792451974e-05,0.22038926688677954,True
SORTIE_000279,0,40,55,2432.8747095680137,8.182544987850463,0.14767767275288546,0.05168718546350991,4.432874709568014e-05,0.36493120643520205,True
SORTIE_000280,0,40,56,2159.618363955369,7.8182031937002705,0.13611755631291744,0.047641144709521105,4.159618363955369e-05,0.32394275459330535,True
SORTIE_000281,0,41,0,3081.0831403139996,8.445099917486386,0.17131082832623487,0.0599587899141822,5.081083140314e-05,0.4621624710470999,True
SORTIE_000282,0,41,51,4373.955022903633,10.168929094272565,0.22542571702151107,0.07889900095752887,6.373955022903635e-05,0.6560932534355449,True
SORTIE_000283,0,41,52,4984.210496780146,10.98260305944125,0.2509687793227527,0.08783907276296343,6.984210496780147e-05,0.7476315745170219,True
SORTIE_000284,0,41,53,4993.591383624091,10.99511090856651,0.25136142893812385,0.08797650012834335,6.993591383624092e-05,0.7490387075436137,True
SORTIE_000285,0,41,54,3701.18981122046,9.271908812028334,0.19726622570720845,0.06904317899752295,5.70118981122046e-05,0.555178471683069,True
SORTIE_000286,0,41,55,4679.097820548119,10.575786157798547,0.23819787855821442,0.08336925749537505,6.679097820548119e-05,0.7018646730822178,True
SORTIE_000287,0,41,56,2215.979159943337,7.2916279436588365,0.13510073957882707,0.04728525885258947,4.215979159943337e-05,0.3323968739915006,True
SORTIE_000288,0,42,0,4285.725353993067,10.287016904358428,0.2153733512267007,0.07538067292934524,6.285725353993068e-05,0.64285880309896,True
SORTIE_000289,0,42,51,5598.273176694388,12.03708066796019,0.2680753965068487,0.09382638877739703,7.598273176694388e-05,0.8397409765041581,True
SORTIE_000290,0,42,52,5495.947804620496,11.900646838528333,0.2639667794347122,0.09238837280214926,7.495947804620496e-05,0.8243921706930744,True
SORTIE_000291,0,42,53,3299.7792867702583,8.97242214806135,0.17578517517714548,0.06152481131200092,5.2997792867702585e-05,0.4949668930155387,True
SORTIE_000292,0,42,54,3084.5779828131854,8.685487076118585,0.16714430993068857,0.058500508475740995,5.084577982813186e-05,0.46268669742197777,True
SORTIE_000293,0,42,55,2470.4616473970646,7.866665295563758,0.1424860183571526,0.04987010642500341,4.470461647397065e-05,0.3705692471095597,True
SORTIE_000294,0,42,56,4497.25584896936,10.569057564326819,0.22386682440273264,0.07835338854095641,6.497255848969362e-05,0.6745883773454041,True
SORTIE_000295,0,43,0,3573.693513162972,7.564314636719834,0.1759133465285496,0.061569671284992356,5.573693513162973e-05,0.5360540269744458,True
SORTIE_000296,0,43,51,5174.192013426383,9.69831263707105,0.2384858380649684,0.08347004332273894,7.174192013426384e-05,0.7761288020139575,True
SORTIE_000297,0,43,52,5637.4685970638975,10.316014748587733,0.25659792633241035,0.08980927421634362,7.637468597063897e-05,0.8456202895595846,True
SORTIE_000298,0,43,53,4981.527021568904,9.441425981261078,0.2309534795089422,0.08083371782812977,6.981527021568905e-05,0.7472290532353357,True
SORTIE_000299,0,43,54,3592.737153581444,7.5897061572777975,0.1766578695810306,0.06183025435336071,5.5927371535814445e-05,0.5389105730372166,True
SORTIE_000300,0,43,55,4468.609446597761,8.757535881299553,0.21090064558658597,0.07381522595530508,6.468609446597761e-05,0.6702914169896642,True
SORTIE_000301,0,43,56,2545.1588551698037,6.192935092728943,0.1357021397254199,0.04749574890389696,4.545158855169804e-05,0.3817738282754705,True
SORTIE_000302,0,44,0,2231.238357056943,5.672694297662545,0.12447172220959238,0.04356510277335733,4.2312383570569435e-05,0.3346857535585415,True
SORTIE_000303,0,44,51,3600.27923509624,7.498082135048275,0.17888444482999427,0.06260955569049799,5.60027923509624e-05,0.540041885264436,True
SORTIE_000304,0,44,52,4169.7602650895515,8.257390175039356,0.2015185486173009,0.07053149201605531,6.169760265089551e-05,0.6254640397634327,True
SORTIE_000305,0,44,53,4174.490431042779,8.263697062976993,0.20170654972967822,0.07059729240538737,6.17449043104278e-05,0.6261735646564168,True
SORTIE_000306,0,44,54,2926.9170886155216,6.60026593974065,0.15212157142915922,0.053242550000205724,4.926917088615522e-05,0.43903756329232824,True
SORTIE_000307,0,44,55,3912.2876866784873,7.914093403824605,0.19128526470578955,0.06694984264702633,5.912287686678488e-05,0.5868431530017731,True
SORTIE_000308,0,44,56,1512.2575946614406,4.714053281135209,0.09589573049073255,0.03356350567175639,3.512257594661441e-05,0.2268386391992161,True
SORTIE_000309,0,45,0,4376.36676569513,8.973547926774295,0.20807759341237442,0.07282715769433104,6.376366765695131e-05,0.6564550148542695,True
SORTIE_000310,0,45,51,6031.637446549691,11.180575501247043,0.27257479695466746,0.09540117893413361,8.031637446549692e-05,0.9047456169824537,True
SORTIE_000311,0,45,52,6206.199670683902,11.41332513342599,0.27937656987978626,0.09778179945792519,8.206199670683902e-05,0.9309299506025852,True
SORTIE_000312,0,45,53,4582.509270791902,9.248404600236656,0.21610988400008696,0.07563845940003043,6.582509270791902e-05,0.6873763906187852,True
SORTIE_000313,0,45,54,3455.019490947564,7.7450848937775385,0.17217752981561452,0.060262135435465075,5.455019490947564e-05,0.5182529236421346,True
SORTIE_000314,0,45,55,3825.952293365933,8.239661963668699,0.18663083267103603,0.06532079143486261,5.825952293365934e-05,0.5738928440048899,True
SORTIE_000315,0,45,56,3929.1958833190333,8.377320083606165,0.19065369304829127,0.06672879256690194,5.929195883319034e-05,0.589379382497855,True
SORTIE_000316,0,46,0,5481.991610570494,12.05836620604186,0.25493299126005287,0.0892265469410185,7.481991610570496e-05,0.8222987415855741,True
SORTIE_000317,0,46,51,7168.624052347844,14.307209461744993,0.31983146259323536,0.11194101190763237,9.168624052347844e-05,1.0752936078521764,True
SORTIE_000318,0,46,52,7408.4869506271225,14.627026659450696,0.3290609396519523,0.11517132887818331,9.408486950627124e-05,1.1112730425940684,True
SORTIE_000319,0,46,53,5835.846746288058,12.530173053665276,0.2685486770565776,0.09399203696980216,7.835846746288059e-05,0.8753770119432087,True
SORTIE_000320,0,46,54,4698.883669447549,11.014222284544598,0.2248004579297921,0.07868016027542724,6.69888366944755e-05,0.7048325504171323,True
SORTIE_000321,0,46,55,5056.880757109959,11.491551734761146,0.23857551831374788,0.08350143140981175,7.056880757109958e-05,0.7585321135664937,True
SORTIE_000322,0,46,56,4803.950939747299,11.1543119782776,0.22884325057429897,0.08009513770100464,6.8039509397473e-05,0.7205926409620949,True
SORTIE_000323,0,47,0,3965.7715194022694,9.8333768255239,0.19665224777571558,0.06882828672150045,5.965771519402269e-05,0.5948657279103404,True
SORTIE_000324,0,47,51,4931.976158403782,11.121649677525916,0.23404294547217627,0.08191503091526169,6.931976158403784e-05,0.7397964237605673,True
SORTIE_000325,0,47,52,5639.422149410246,12.064910998867868,0.26142006427138986,0.09149702249498645,7.639422149410247e-05,0.8459133224115368,True
SORTIE_000326,0,47,53,6000.771878407046,12.546710637530268,0.27540376703396396,0.09639131846188738,8.000771878407045e-05,0.9001157817610569,True
SORTIE_000327,0,47,54,4760.965606623278,10.893635608485244,0.22742508877140774,0.0795987810699927,6.760965606623279e-05,0.7141448409934917,True
SORTIE_000328,0,47,55,5745.263381328452,12.206032641425477,0.2655159641943755,0.09293058746803143,7.745263381328452e-05,0.8617895071992677,True
SORTIE_000329,0,47,56,3293.039689636267,8.936401052502564,0.1706185159323643,0.0597164805763275,5.293039689636267e-05,0.49395595344544,True
SORTIE_000330,0,48,0,4686.7328889796345,10.147730073109042,0.2375818761597323,0.08315365665590631,6.686732888979636e-05,0.7030099333469452,True
SORTIE_000331,0,48,51,6290.064623236763,12.285505718785213,0.3049710998983643,0.1067398849644275,8.290064623236765e-05,0.9435096934855144,True
SORTIE_000332,0,48,52,6751.936363490744,12.901334705790521,0.3243839122175492,0.11353436927614222,8.751936363490745e-05,1.0127904545236115,True
SORTIE_000333,0,48,53,5944.599518194351,11.824885578728665,0.2904509449234616,0.10165783072321155,7.944599518194352e-05,0.8916899277291526,True
SORTIE_000334,0,48,54,4564.283293265064,9.984463945489614,0.23243522869682431,0.0813523300438885,6.564283293265065e-05,0.6846424939897595,True
SORTIE_000335,0,48,55,5347.0551606664085,11.028159768691406,0.2653357117232249,0.0928674991031287,7.347055160666409e-05,0.8020582740999612,True
SORTIE_000336,0,48,56,3661.0374423505505,8.780136144270262,0.1944711346558169,0.06806489712953591,5.6610374423505515e-05,0.5491556163525825,True
SORTIE_000337,0,49,0,2307.9366419925063,7.161643242445503,0.1372190793150689,0.04802667776027412,4.3079366419925074e-05,0.34619049629887594,True
SORTIE_000338,0,49,51,3800.454495222985,9.15166704675281,0.19922461732741414,0.06972861606459495,5.800454495222986e-05,0.5700681742834477,True
SORTIE_000339,0,49,52,3892.031129231592,9.27376922543095,0.20302910010044967,0.07106018503515737,5.8920311292315924e-05,0.5838046693847387,True
SORTIE_000340,0,49,53,2582.203680398659,7.5273326269870395,0.14861329831125528,0.05201465440893934,4.58220368039866e-05,0.3873305520597988,True
SORTIE_000341,0,49,54,1224.3079011197515,5.71680492128183,0.09220053368224851,0.03227018678878698,3.2243079011197524e-05,0.18364618516796272,True
SORTIE_000342,0,49,55,2205.3196399638746,7.024820573073994,0.1329559327093333,0.046534576448266654,4.205319639963875e-05,0.3307979459945812,True
SORTIE_000343,0,49,56,2580.010454292798,7.5244083255125584,0.14852218237292175,0.05198276383052261,4.580010454292799e-05,0.38700156814391967,True
SORTIE_000344,0,50,0,3281.174037191144,6.660185960944663,0.1566100507324687,0.05481351775636404,5.281174037191145e-05,0.4921761055786716,True
SORTIE_000345,0,50,51,4828.706671888941,8.723562807208392,0.21437127279849066,0.07502994547947173,6.828706671888941e-05,0.7243060007833412,True
SORTIE_000346,0,50,52,5329.597076696764,9.39141668028549,0.23306686683906108,0.08157340339367138,7.329597076696765e-05,0.7994395615045146,True
SORTIE_000347,0,50,53,4856.019736854951,8.759980227163071,0.2153907252968953,0.07538675385391334,6.856019736854952e-05,0.7284029605282425,True
SORTIE_000348,0,50,54,3480.573880440997,6.926052418611134,0.16405259402211886,0.057418407907741595,5.480573880440997e-05,0.5220860820661496,True
SORTIE_000349,0,50,55,4403.506324040858,8.156629010077616,0.1985007889302141,0.06947527612557493,6.403506324040859e-05,0.6605259486061287,True
SORTIE_000350,0,50,56,2217.8122711913406,5.242370272944925,0.11692037070550994,0.04092212974692848,4.217812271191341e-05,0.3326718406787011,True
SORTIE_000351,51,1,0,4274.28962201797,9.159027821871774,0.2178435016218785,0.07624522556765746,6.274289622017971e-05,0.6411434433026955,True
SORTIE_000352,51,1,51,5025.825055745565,10.1610750668419,0.24931716421910083,0.08726100747668529,7.025825055745566e-05,0.7538737583618347,True
SORTIE_000353,51,1,52,4742.425232970711,9.783208636475429,0.23744862149731955,0.08310701752406184,6.74242523297071e-05,0.7113637849456065,True
SORTIE_000354,51,1,53,2888.460460724364,7.311255606813633,0.15980615902632467,0.05593215565921363,4.8884604607243646e-05,0.43326906910865465,True
SORTIE_000355,51,1,54,3691.9960578768987,8.382636403017013,0.1934575440903631,0.06771014043162707,5.6919960578768995e-05,0.5537994086815348,True
SORTIE_000356,51,1,55,3446.8407131180406,8.055762610005203,0.18319064746970054,0.06411672661439519,5.4468407131180414e-05,0.517026106967706,True
SORTIE_000357,51,1,56,5014.536500708958,10.146023660126424,0.248844409167925,0.08709554320877375,7.014536500708958e-05,0.7521804751063436,True
SORTIE_000358,51,2,0,5878.470597269388,11.258428999530045,0.29124909923967196,0.10193718473388517,7.878470597269389e-05,0.8817705895904081,True
SORTIE_000359,51,2,51,7448.596907660359,13.351930746718006,0.3587092388786617,0.1255482336075316,9.44859690766036e-05,1.1172895361490538,True
SORTIE_000360,51,2,52,7937.551341762382,14.003869992187372,0.3797170611050228,0.13290097138675797,9.937551341762383e-05,1.1906327012643574,True
SORTIE_000361,51,2,53,7272.668217315175,13.117359159591095,0.35115050049013335,0.12290267517154667,9.272668217315177e-05,1.0909002325972763,True
SORTIE_000362,51,2,54,5883.520845575907,11.265162663938737,0.2914660820732916,0.10201312872565206,7.883520845575908e-05,0.882528126836386,True
SORTIE_000363,51,2,55,6723.7013394895985,12.385403322490324,0.3275642565107734,0.11464748977877069,8.7237013394896e-05,1.0085552009234398,True
SORTIE_000364,51,2,56,4828.145749698179,9.8579958694351,0.246122117789491,0.08614274122632185,6.82814574969818e-05,0.7242218624547269,True
SORTIE_000365,51,3,0,4657.414775655615,9.52662074845596,0.21860661578913262,0.07651231552619642,6.657414775655615e-05,0.6986122163483421,True
SORTIE_000366,51,3,51,5484.290950503257,10.629122314919483,0.2506240740831315,0.08771842592909601,7.484290950503258e-05,0.8226436425754885,True
SORTIE_000367,51,3,52,5200.393120447601,10.250591874845275,0.23963127103709067,0.08387094486298173,7.200393120447602e-05,0.7800589680671401,True
SORTIE_000368,51,3,53,2958.289962878768,7.261120998086831,0.15281483283032948,0.053485191490615314,4.958289962878769e-05,0.4437434944318152,True
SORTIE_000369,51,3,54,3924.0282320957695,8.5487720237095,0.1902091679171656,0.06657320877100796,5.9240282320957704e-05,0.5886042348143654,True
SORTIE_000370,51,3,55,3486.8367631083065,7.9658500650595485,0.17328068448688974,0.060648239570411405,5.486836763108307e-05,0.523025514466246,True
SORTIE_000371,51,3,56,5324.056829338043,10.41547682003253,0.244419651404454,0.0855468779915589,7.324056829338044e-05,0.7986085244007065,True
SORTIE_000372,51,4,0,3004.9927205825456,6.42740422777256,0.16144573261814932,0.056506006416352256,5.004992720582546e-05,0.4507489080873818,True
SORTIE_000373,51,4,51,4003.477341254014,7.758717055334517,0.20356585126004245,0.07124804794101486,6.003477341254014e-05,0.600521601188102,True
SORTIE_000374,51,4,52,4652.406982500997,8.623956576997161,0.23094032745496174,0.0808291146092366,6.652406982500998e-05,0.6978610473751495,True
SORTIE_000375,51,4,53,5115.570735327089,9.241508247431952,0.25047844733760977,0.08766745656816341,7.115570735327089e-05,0.7673356102990633,True
SORTIE_000376,51,4,54,4039.4562501721975,7.8066889338920955,0.20508358711782726,0.07177925549123954,6.039456250172198e-05,0.6059184375258295,True
SORTIE_000377,51,4,55,5004.806945199699,9.093823193928763,0.24580598280004484,0.08603209398001568,7.0048069451997e-05,0.7507210417799549,True
SORTIE_000378,51,4,56,2905.0523776341447,6.294150437174692,0.1572298448468712,0.05503044569640491,4.9050523776341445e-05,0.43575785664512173,True
SORTIE_000379,51,5,0,3502.6466981712097,7.513896949078637,0.16653326244782707,0.05828664185673947,5.50264669817121e-05,0.5253970047256814,True
SORTIE_000380,51,5,51,4842.655877387844,9.300575854700817,0.21632804399964478,0.07571481539987567,6.842655877387844e-05,0.7263983816081766,True
SORTIE_000381,51,5,52,5419.877881270273,10.070205193210722,0.23777763108906375,0.0832221708811723,7.419877881270273e-05,0.812981682190541,True
SORTIE_000382,51,5,53,5475.382145397098,10.144210878713155,0.23984017121957635,0.08394405992685172,7.475382145397099e-05,0.8213073218095647,True
SORTIE_000383,51,5,54,4246.382005951608,8.50554402611917,0.19417048893678956,0.06795967112787635,6.246382005951609e-05,0.6369573008927413,True
SORTIE_000384,51,5,55,5231.982386569218,9.81967786694265,0.23079542883379306,0.08077840009182756,7.231982386569219e-05,0.7847973579853826,True
SORTIE_000385,51,5,56,2867.0871319104976,6.666484194064355,0.14291584977933977,0.050020547422768916,4.867087131910498e-05,0.43006306978657466,True
SORTIE_000386,51,6,0,4823.4331342141795,8.75446701681993,0.23441212681349316,0.0820442443847226,6.823433134214179e-05,0.723514970132127,True
SORTIE_000387,51,6,51,6038.324286073754,10.374321885966026,0.2848167000116086,0.099685845004063,8.038324286073754e-05,0.9057486429110629,True
SORTIE_000388,51,6,52,5918.505749912245,10.214563837750683,0.27984555328196153,0.09794594364868653,7.918505749912246e-05,0.8877758624868367,True
SORTIE_000389,51,6,53,3850.136129471252,7.4567376771626925,0.19403104407700295,0.06791086542695103,5.850136129471252e-05,0.5775204194206878,True
SORTIE_000390,51,6,54,3730.406607893145,7.29709831505855,0.1890635904700509,0.0661722566645178,5.730406607893145e-05,0.5595609911839717,True
SORTIE_000391,51,6,55,3318.758172683365,6.748233734778843,0.17198472406077497,0.060194653421271234,5.318758172683365e-05,0.4978137259025048,True
SORTIE_000392,51,6,56,5216.066690202299,9.277978424804088,0.25070208561560237,0.08774572996546082,7.216066690202299e-05,0.7824100035303447,True
SORTIE_000393,51,7,0,6407.811240354204,12.208305728646721,0.283228733371392,0.09913005667998719,8.407811240354204e-05,0.9611716860531305,True
SORTIE_000394,51,7,51,8098.690540018774,14.462811461532816,0.3475015883810636,0.12162555593337225,0.00010098690540018775,1.2148035810028162,True
SORTIE_000395,51,7,52,8396.275893314698,14.859591932594046,0.3588132534237341,0.12558463869830694,0.00010396275893314698,1.2594413839972047,True
SORTIE_000396,51,7,53,7061.903707571457,13.080429018269726,0.30809176783914655,0.10783211874370129,9.061903707571456e-05,1.0592855561357184,True
SORTIE_000397,51,7,54,5793.900726197338,11.389758376437568,0.2598930751294674,0.09096257629531358,7.79390072619734e-05,0.8690851089296008,True
SORTIE_000398,51,7,55,6347.246969183991,12.127553367086438,0.28092659470279413,0.09832430814597794,8.347246969183991e-05,0.9520870453775986,True
SORTIE_000399,51,7,56,5652.595561715364,11.201351490461601,0.2545218541613774,0.08908264895648209,7.652595561715365e-05,0.8478893342573045,True
SORTIE_000400,51,8,0,3748.8346862760727,7.949862926836243,0.19503846129391803,0.06826346145287131,5.7488346862760725e-05,0.5623252029414109,True
SORTIE_000401,51,8,51,5125.836321794402,9.785865107527348,0.2531596736607928,0.08860588578127747,7.125836321794402e-05,0.7688754482691602,True
SORTIE_000402,51,8,52,5695.518966319332,10.545441966893922,0.2772051396283716,0.09702179886993006,7.695518966319332e-05,0.8543278449478998,True
SORTIE_000403,51,8,53,5668.503504535939,10.509421351182732,0.27606485674779924,0.09662269986172972,7.66850350453594e-05,0.8502755256803909,True
SORTIE_000404,51,8,54,4403.709821556778,8.823029773877183,0.2226797769101543,0.077937921918554,6.403709821556778e-05,0.6605564732335166,True
SORTIE_000405,51,8,55,5387.836050339651,10.135198078921015,0.26421829659199214,0.09247640380719724,7.387836050339652e-05,0.8081754075509476,True
SORTIE_000406,51,8,56,2953.3032244237384,6.88915431103313,0.16146024915080362,0.056511087202781266,4.9533032244237386e-05,0.44299548366356073,True
SORTIE_000407,51,9,0,2851.650426981464,6.570095841011427,0.1456788284703781,0.05098758996463233,4.851650426981465e-05,0.42774756404721964,True
SORTIE_000408,51,9,51,3317.6851018017774,7.191475407438511,0.16359153523451692,0.057257037332080915,5.3176851018017775e-05,0.4976527652702666,True
SORTIE_000409,51,9,52,3145.0967003759497,6.961357538870741,0.15695785411020077,0.05493524893857027,5.1450967003759494e-05,0.47176450505639245,True
SORTIE_000410,51,9,53,2881.599535011734,6.6100279850517865,0.14682996511101665,0.051390487788855826,4.881599535011735e-05,0.4322399302517601,True
SORTIE_000411,51,9,54,3001.8606510506024,6.770376139770278,0.1514523724620639,0.05300833036172236,5.0018606510506024e-05,0.45027909765759033,True
SORTIE_000412,51,9,55,3315.245021413618,7.188221966920966,0.16349774726800803,0.057224211543802805,5.3152450214136176e-05,0.4972867532120427,True
SORTIE_000413,51,9,56,3831.3828653057844,7.876405758777187,0.18333624072577476,0.06416768425402117,5.831382865305784e-05,0.5747074297958676,True
SORTIE_000414,51,10,0,5698.131391512063,10.902799702025199,0.2521988461796422,0.08826959616287477,7.698131391512064e-05,0.8547197087268094,True
SORTIE_000415,51,10,51,7337.2649468629115,13.088311109159664,0.3137520069753155,0.10981320244136042,9.337264946862913e-05,1.1005897420294368,True
SORTIE_000416,51,10,52,7761.989667688283,13.654610736926823,0.3297013778789364,0.11539548225762773,9.761989667688284e-05,1.1642984501532423,True
SORTIE_000417,51,10,53,6904.249225153049,12.510956813546514,0.297491290294571,0.10412195160309984,8.90424922515305e-05,1.0356373837729573,True
SORTIE_000418,51,10,54,5522.488043955065,10.6686085719492,0.24560304245176848,0.08596106485811897,7.522488043955066e-05,0.8283732065932597,True
SORTIE_000419,51,10,55,6319.862577022627,11.731774616039285,0.2755462540272139,0.09644118890952486,8.319862577022628e-05,0.9479793865533941,True
SORTIE_000420,51,10,56,4722.957613791657,9.60256799839799,0.21557887207942314,0.07545260522779809,6.722957613791659e-05,0.7084436420687487,True
SORTIE_000421,51,11,0,6132.815497144558,12.849464802161652,0.30520343908518166,0.10682120367981357,8.132815497144559e-05,0.9199223245716837,True
SORTIE_000422,51,11,51,7763.781682407256,15.024086382511914,0.3747506765147486,0.131162736780162,9.763781682407256e-05,1.1645672523610884,True
SORTIE_000423,51,11,52,8197.52250370515,15.602407477575774,0.3932461402185784,0.13763614907650243,0.00010197522503705152,1.2296283755557724,True
SORTIE_000424,51,11,53,7314.244379511738,14.424703311984558,0.3555816233360734,0.12445356816762568,9.314244379511738e-05,1.0971366569267607,True
SORTIE_000425,51,11,54,5939.388226306328,12.591561774377343,0.2969553635261088,0.10393437723413808,7.939388226306328e-05,0.8909082339459491,True
SORTIE_000426,51,11,55,6705.588513496793,13.613162157297966,0.3296274776222418,0.11536961716778463,8.705588513496792e-05,1.005838277024519,True
SORTIE_000427,51,11,56,5140.540915076066,11.526432026070328,0.26289112349089705,0.09201189322181397,7.140540915076066e-05,0.7710811372614099,True
SORTIE_000428,51,12,0,4091.4525173587554,9.771307319477971,0.20605321123048104,0.07211862393066835,6.091452517358756e-05,0.6137178776038132,True
SORTIE_000429,51,12,51,4131.776141499312,9.825072151665381,0.20766744689574212,0.07268360641350974,6.131776141499313e-05,0.6197664212248968,True
SORTIE_000430,51,12,52,3605.4853506575373,9.123351097209682,0.18659896947134297,0.06530963931497004,5.605485350657538e-05,0.5408228025986306,True
SORTIE_000431,51,12,53,3140.1229787539023,8.5028679346715,0.16796957903315035,0.058789352661602616,5.140122978753903e-05,0.4710184468130853,True
SORTIE_000432,51,12,54,4009.138962984604,9.66155591364577,0.2027580343202408,0.07096531201208428,6.009138962984605e-05,0.6013708444476906,True
SORTIE_000433,51,12,55,3898.19189048483,9.513626483646071,0.19831660016836067,0.06941081005892623,5.8981918904848314e-05,0.5847287835727245,True
SORTIE_000434,51,12,56,5056.383422150167,11.057881859199853,0.24468133343491238,0.08563846670221933,7.056383422150167e-05,0.758457513322525,True
SORTIE_000435,51,13,0,3203.2706621908915,8.511396383634933,0.166939015324151,0.05842865536345285,5.2032706621908914e-05,0.4804905993286337,True
SORTIE_000436,51,13,51,2966.5475640738623,8.19576558614556,0.15770312064619063,0.05519609222616672,4.966547564073862e-05,0.4449821346110793,True
SORTIE_000437,51,13,52,2485.5623567469156,7.554451976376298,0.13893719221814832,0.04862801727635191,4.485562356746916e-05,0.3728343535120373,True
SORTIE_000438,51,13,53,3004.854390597451,8.24684135484368,0.15919768462424344,0.0557191896184852,5.0048543905974505e-05,0.4507281585896177,True
SORTIE_000439,51,13,54,3481.3642560852513,8.882187842160747,0.17778900488686794,0.06222615171040378,5.481364256085251e-05,0.5222046384127876,True
SORTIE_000440,51,13,55,3643.372455642374,9.098198774903576,0.18410985266208524,0.06443844843172983,5.643372455642374e-05,0.5465058683463561,True
SORTIE_000441,51,13,56,4244.536596677179,9.899750962949984,0.20756463478908782,0.07264762217618073,6.24453659667718e-05,0.6366804895015769,True
SORTIE_000442,51,14,0,3871.568819602797,7.5303655567048535,0.20078675630628276,0.07027536470719896,5.871568819602798e-05,0.5807353229404195,True
SORTIE_000443,51,14,51,5203.117666652557,9.305764019437868,0.25798702163235415,0.09029545757132394,7.203117666652558e-05,0.7804676499978835,True
SORTIE_000444,51,14,52,5201.67937598754,9.303846298551179,0.2579252359848826,0.0902738325947089,7.20167937598754e-05,0.780251906398131,True
SORTIE_000445,51,14,53,3718.2162524554606,7.325895467175072,0.19419908395111754,0.06796967938289114,5.7182162524554615e-05,0.557732437868319,True
SORTIE_000446,51,14,54,2886.861848860569,6.21742292904855,0.15848601749397043,0.05547010612288965,4.8868618488605695e-05,0.43302927732908536,True
SORTIE_000447,51,14,55,3439.2996144746085,6.9540066165339365,0.18221746890807258,0.0637761141178254,5.4392996144746094e-05,0.5158949421711913,True
SORTIE_000448,51,14,56,4310.556476955411,8.115682433175007,0.21964465290622756,0.07687562851717965,6.310556476955411e-05,0.6465834715433116,True
SORTIE_000449,51,15,0,3452.548542674249,8.40154643146153,0.1695699112594298,0.059349468940800426,5.4525485426742494e-05,0.5178822814011373,True
SORTIE_000450,51,15,51,5014.985282091354,10.484795417351002,0.22811908790930632,0.0798416807682572,7.014985282091355e-05,0.7522477923137031,True
SORTIE_000451,51,15,52,5496.3258485493225,11.126582839294962,0.24615635824692841,0.08615472538642494,7.496325848549323e-05,0.8244488772823982,True
SORTIE_000452,51,15,53,5233.8963485558215,10.776676839303626,0.23632234016118472,0.08271281905641464,7.233896348555822e-05,0.7850844522833732,True
SORTIE_000453,51,15,54,3948.3176205601476,9.062571868642728,0.18814786106462758,0.06585175137261964,5.948317620560148e-05,0.5922476430840221,True
SORTIE_000454,51,15,55,4931.685907936609,10.373729585144675,0.22499761127657567,0.07874916394680148,6.931685907936609e-05,0.7397528861904913,True
SORTIE_000455,51,15,56,2631.1554267335423,7.3063556102072535,0.13878985506198882,0.04857644927169608,4.631155426733543e-05,0.39467331401003136,True
SORTIE_000456,51,16,0,3820.5346334389455,9.426260692642128,0.1866497168210655,0.06532740088737292,5.820534633438946e-05,0.5730801950158418,True
SORTIE_000457,51,16,51,4285.57041246148,10.046308398005506,0.20421646321206902,0.07147576212422416,6.285570412461481e-05,0.642835561869222,True
SORTIE_000458,51,16,52,3943.2810744989006,9.5899226140554,0.1912864688684687,0.06695026410396404,5.943281074498901e-05,0.591492161174835,True
SORTIE_000459,51,16,53,2873.756792914496,8.163890238609527,0.1508851435057098,0.05280980022699843,4.873756792914497e-05,0.4310635189371744,True
SORTIE_000460,51,16,54,3568.005455437201,9.089555121973135,0.17711041634915434,0.061988645722204014,5.568005455437201e-05,0.5352008183155801,True
SORTIE_000461,51,16,55,3510.8126474599035,9.01329804467007,0.17494995558796664,0.06123248445578832,5.510812647459904e-05,0.5266218971189855,True
SORTIE_000462,51,16,56,4704.70121162983,10.605149463563306,0.22004914703077413,0.07701720146077094,6.70470121162983e-05,0.7057051817444745,True
SORTIE_000463,51,17,0,4591.930760656362,8.16438321066642,0.21640909713274065,0.07574318399645923,6.591930760656362e-05,0.6887896140984542,True
SORTIE_000464,51,17,51,6049.931571433245,10.108384291702265,0.274590894033326,0.09610681291166409,8.049931571433245e-05,0.9074897357149868,True
SORTIE_000465,51,17,52,6597.891739415616,10.838997849012092,0.2964573477194342,0.10376007170180197,8.597891739415616e-05,0.9896837609123424,True
SORTIE_000466,51,17,53,6331.27184709965,10.48350465925747,0.285817830711129,0.10003624074889514,8.33127184709965e-05,0.9496907770649474,True
SORTIE_000467,51,17,54,4984.65549844414,8.688016194383458,0.2320808517455718,0.08122829811095013,6.98465549844414e-05,0.747698324766621,True
SORTIE_000468,51,17,55,5939.57131121083,9.961237278072378,0.27018694706793644,0.09456543147377774,7.93957131121083e-05,0.8909356966816244,True
SORTIE_000469,51,17,56,3555.447746982478,6.782405859101242,0.1750480472987918,0.06126681655457713,5.5554477469824776e-05,0.5333171620473717,True
SORTIE_000470,51,18,0,3826.549431997986,7.467563423216242,0.17727935900843922,0.062047775652953725,5.826549431997986e-05,0.5739824147996979,True
SORTIE_000471,51,18,51,4518.968187617508,8.390788430708938,0.2031223349450091,0.07109281723075317,6.518968187617509e-05,0.6778452281426263,True
SORTIE_000472,51,18,52,5255.423303179594,9.37272858479172,0.23060886917790435,0.08071310421226652,7.255423303179594e-05,0.7883134954769391,True
SORTIE_000473,51,18,53,5943.021758869118,10.289526525711082,0.25627193823863204,0.0896951783835212,7.943021758869118e-05,0.8914532638303676,True
SORTIE_000474,51,18,54,4857.731348554495,8.842472645291586,0.215765909581369,0.07551806835347914,6.857731348554495e-05,0.7286597022831742,True
SORTIE_000475,51,18,55,5829.679211796396,10.138403129614122,0.2520416820637121,0.08821458872229922,7.829679211796396e-05,0.8744518817694594,True
SORTIE_000476,51,18,56,3578.240902990955,7.1364853845402,0.16801180048566017,0.05880413016998105,5.5782409029909554e-05,0.5367361354486432,True
SORTIE_000477,51,19,0,6091.857257610444,10.721803298460765,0.28674634559774287,0.10036122095921,8.091857257610445e-05,0.9137785886415666,True
SORTIE_000478,51,19,51,7627.1593017572595,12.76887269065652,0.35009265776100507,0.12253243021635177,9.62715930175726e-05,1.144073895263589,True
SORTIE_000479,51,19,52,8141.2127244679305,13.454277254270746,0.37130241821678517,0.1299558463758748,0.00010141212724467931,1.2211819086701896,True
SORTIE_000480,51,19,53,7539.949251656695,12.652592623855767,0.34649438530477705,0.12127303485667196,9.539949251656696e-05,1.1309923877485042,True
SORTIE_000481,51,19,54,6150.475909330371,10.799961500754002,0.28916494161576844,0.10120772956551895,8.150475909330372e-05,0.9225713863995556,True
SORTIE_000482,51,19,55,6997.174400472757,11.928892822277183,0.324099583390361,0.11343485418662634,8.997174400472757e-05,1.0495761600709135,True
SORTIE_000483,51,19,56,5029.748249818608,9.305657954738317,0.2429239010074453,0.08502336535260585,7.029748249818608e-05,0.7544622374727912,True
SORTIE_000484,51,20,0,4156.059265692529,7.934585608928645,0.2066661712983716,0.07233315995443006,6.15605926569253e-05,0.6234088898538793,True
SORTIE_000485,51,20,51,5189.065678781845,9.311927493047733,0.24944074580486328,0.08730426103170215,7.189065678781846e-05,0.7783598518172767,True
SORTIE_000486,51,20,52,5029.980698673466,9.09981418623656,0.24285337882602806,0.08499868258910982,7.029980698673466e-05,0.7544971048010198,True
SORTIE_000487,51,20,53,3220.762560550461,6.687523335405888,0.16793754571304667,0.05877814099956633,5.220762560550461e-05,0.4831143840825691,True
SORTIE_000488,51,20,54,3375.912547748564,6.894389985003358,0.1743619730960669,0.061026690583623415,5.3759125477485645e-05,0.5063868821622846,True
SORTIE_000489,51,20,55,3288.687143710502,6.778089446285943,0.1707501566575543,0.059762554830144005,5.288687143710502e-05,0.49330307155657527,True
SORTIE_000490,51,20,56,4767.806515855874,8.750248609146439,0.23199730961434537,0.08119905836502088,6.767806515855875e-05,0.7151709773783811,True
SORTIE_000491,51,21,0,3681.691691970618,7.811768331303644,0.1945299572538679,0.06808548503885375,5.6816916919706184e-05,0.5522537537955927,True
SORTIE_000492,51,21,51,4154.248654157873,8.441844280886649,0.21479931366688004,0.075179759783408,6.154248654157873e-05,0.6231372981236809,True
SORTIE_000493,51,21,52,3832.7598533113714,8.013192546424648,0.20100971451043498,0.07035340007865223,5.832759853311372e-05,0.5749139779967057,True
SORTIE_000494,51,21,53,2866.5112921046175,6.724861131482309,0.159564475020134,0.05584756625704689,4.866511292104618e-05,0.4299766938156926,True
SORTIE_000495,51,21,54,3470.7634867831475,7.530530724387016,0.18548262685646355,0.06491891939976224,5.470763486783147e-05,0.5206145230174721,True
SORTIE_000496,51,21,55,3468.3363182559565,7.527294499684095,0.18537851846765818,0.06488248146368036,5.4683363182559565e-05,0.5202504477383935,True
SORTIE_000497,51,21,56,4576.289199032935,9.004565007386732,0.23290187253135974,0.08151565538597591,6.576289199032936e-05,0.6864433798549402,True
SORTIE_000498,51,22,0,3822.8241323047678,7.956437523719188,0.19332624630143502,0.06766418620550226,5.8228241323047685e-05,0.5734236198457151,True
SORTIE_000499,51,22,51,5305.3353003988095,9.93311908117791,0.2541685780085213,0.08895900230298244,7.30533530039881e-05,0.7958002950598214,True
SORTIE_000500,51,22,52,5832.746208269817,10.636333625005921,0.2758135477687678,0.09653474171906873,7.832746208269817e-05,0.8749119312404725,True
SORTIE_000501,51,22,53,5638.782212417171,10.37771496386906,0.2678532557798241,0.09374863952293844,7.638782212417172e-05,0.8458173318625756,True
SORTIE_000502,51,22,54,4337.965085135084,8.643292127492945,0.21446765649957955,0.07506367977485284,6.337965085135085e-05,0.6506947627702626,True
SORTIE_000503,51,22,55,5316.802362726523,9.948408497614862,0.25463918681394804,0.08912371538488181,7.316802362726523e-05,0.7975203544089784,True
SORTIE_000504,51,22,56,2854.388828389958,6.665190451832775,0.15358161350154226,0.053753564725539785,4.854388828389958e-05,0.42815832425849365,True
SORTIE_000505,51,23,0,4210.374634568624,9.515758181134755,0.19459801244219777,0.06810930435476921,6.210374634568625e-05,0.6315561951852936,True
SORTIE_000506,51,23,51,5552.35132676392,11.305060437395149,0.24367949004424788,0.08528782151548675,7.552351326763921e-05,0.8328526990145879,True
SORTIE_000507,51,23,52,5533.754871972688,11.280265164340172,0.24299934300099313,0.08504977005034758,7.533754871972688e-05,0.8300632307959032,True
SORTIE_000508,51,23,53,3870.853073389896,9.063062766229784,0.1821803452820131,0.06376312084870459,5.870853073389896e-05,0.5806279610084845,True
SORTIE_000509,51,23,54,3092.0934198815435,8.02471656155198,0.15369797691202056,0.05379429191920719,5.092093419881544e-05,0.4638140129822315,True
SORTIE_000510,51,23,55,3467.31733268446,8.525015111955868,0.1674214224674444,0.05859749786360554,5.46731733268446e-05,0.520097599902669,True
SORTIE_000511,51,23,56,4575.30493002167,10.00233190840548,0.20794497906744341,0.0727807426736052,6.57530493002167e-05,0.6862957395032504,True
SORTIE_000512,51,24,0,6079.061153292401,13.00411060748608,0.2718445398750212,0.09514558895625742,8.079061153292402e-05,0.9118591729938601,True
SORTIE_000513,51,24,51,7702.617548686343,15.168852468011336,0.33253693741974155,0.11638792809690954,9.702617548686343e-05,1.1553926323029513,True
SORTIE_000514,51,24,52,8144.499443195787,15.75802832735726,0.3490555330690624,0.12216943657417183,0.00010144499443195788,1.221674916479368,True
SORTIE_000515,51,24,53,7294.59842105479,14.6248269645026,0.31728421249418975,0.1110494743729664,9.294598421054791e-05,1.0941897631582185,True
SORTIE_000516,51,24,54,5915.960354588458,12.786642875880823,0.2657474442996013,0.09301160550486044,7.91596035458846e-05,0.8873940531882687,True
SORTIE_000517,51,24,55,6695.50182693034,13.826031505669999,0.29488855764570726,0.10321099517599754,8.69550182693034e-05,1.004325274039551,True
SORTIE_000518,51,24,56,5076.354647405845,11.667168599637339,0.23436098707168415,0.08202634547508945,7.076354647405846e-05,0.7614531971108767,True
SORTIE_000519,51,25,0,2382.417949883374,6.57870207117704,0.1408885514900068,0.04931099302150238,4.3824179498833744e-05,0.3573626924825061,True
SORTIE_000520,51,25,51,2988.4703362099713,7.386771919612503,0.16690708500193752,0.058417479750678125,4.9884703362099716e-05,0.4482705504314957,True
SORTIE_000521,51,25,52,2982.1396350165796,7.378330984687981,0.16663530063994092,0.05832235522397932,4.9821396350165805e-05,0.4473209452524869,True
SORTIE_000522,51,25,53,2974.8504777169373,7.368612108288458,0.16632236864304872,0.058212829025067046,4.9748504777169376e-05,0.4462275716575406,True
SORTIE_000523,51,25,54,2783.3221591122233,7.113241016815506,0.15809983526387145,0.055334942342355004,4.783322159112223e-05,0.4174983238668335,True
SORTIE_000524,51,25,55,3286.593055648647,7.78426887886407,0.17970583993036554,0.06289704397562794,5.286593055648647e-05,0.492988958347297,True
SORTIE_000525,51,25,56,3398.617079055548,7.933634243406605,0.1845151614888868,0.06458030652111038,5.398617079055548e-05,0.5097925618583322,True
SORTIE_000526,51,26,0,3079.8283489435544,8.594723643239615,0.1554434349107624,0.05440520221876684,5.079828348943555e-05,0.46197425234153316,True
SORTIE_000527,51,26,51,4184.858590928036,10.068097299218923,0.19580450701899776,0.06853157745664921,6.184858590928037e-05,0.6277287886392054,True
SORTIE_000528,51,26,52,4813.437069700335,10.906201937581988,0.21876324637607852,0.07656713623162748,6.813437069700336e-05,0.7220155604550502,True
SORTIE_000529,51,26,53,5172.421934156064,11.38484842352296,0.23187511739061517,0.08115629108671531,7.172421934156065e-05,0.7758632901234095,True
SORTIE_000530,51,26,54,4058.5083295568343,9.89963028405732,0.1911895817288634,0.06691635360510219,6.058508329556835e-05,0.608776249433525,True
SORTIE_000531,51,26,55,5031.319346766244,11.196711640336535,0.2267213654950367,0.07935247792326283,7.031319346766245e-05,0.7546979020149366,True
SORTIE_000532,51,26,56,2876.1096455856573,8.323098705429086,0.1480026383030079,0.05180092340605276,4.8761096455856577e-05,0.4314164468378486,True
SORTIE_000533,51,27,0,6339.460749264141,12.27066179445222,0.2813522790882461,0.09847329768088614,8.339460749264142e-05,0.950919112389621,True
SORTIE_000534,51,27,51,8026.300917716735,14.51978201905568,0.3455002554584938,0.12092508941047281,0.00010026300917716737,1.2039451376575103,True
SORTIE_000535,51,27,52,8355.289077613532,14.958432898918076,0.3580111768260531,0.12530391188911857,0.00010355289077613534,1.2532933616420299,True
SORTIE_000536,51,27,53,7120.480123043497,13.312020959491361,0.311053262780058,0.1088686419730203,9.120480123043499e-05,1.0680720184565244,True
SORTIE_000537,51,27,54,5817.427166938458,11.574617018017976,0.2615001327321258,0.09152504645624403,7.81742716693846e-05,0.8726140750407687,True
SORTIE_000538,51,27,55,6428.487770240354,12.389364489087171,0.28473784183728507,0.09965824464304977,8.428487770240355e-05,0.964273165536053,True
SORTIE_000539,51,27,56,5523.375137553898,11.18254764550523,0.2503177794864785,0.08761122282026747,7.523375137553898e-05,0.8285062706330847,True
SORTIE_000540,51,28,0,3558.1500462482654,7.866752191885902,0.18202849052276524,0.06370997168296783,5.558150046248266e-05,0.5337225069372398,True
SORTIE_000541,51,28,51,5090.385682860639,9.909733040702399,0.2442705836496483,0.0854947042773769,7.090385682860639e-05,0.7635578524290958,True
SORTIE_000542,51,28,52,5589.627665157061,10.575389017097628,0.2645506666946066,0.0925927333431123,7.589627665157061e-05,0.838444149773559,True
SORTIE_000543,51,28,53,5359.8048295055005,10.268958569562216,0.2552148608971805,0.08932520131401317,7.359804829505502e-05,0.8039707244258251,True
SORTIE_000544,51,28,54,4071.067940872369,8.550642718051373,0.20286411306070692,0.07100243957124742,6.07106794087237e-05,0.6106601911308552,True
SORTIE_000545,51,28,55,5053.479011646596,9.860524145750343,0.24277137007451796,0.08496997952608128,7.053479011646596e-05,0.7580218517469893,True
SORTIE_000546,51,28,56,2648.117844574413,6.653375922987432,0.14506138984216946,0.05077148644475931,4.6481178445744134e-05,0.397217676686162,True
SORTIE_000547,51,29,0,3310.708212252637,7.775968262565749,0.17406501531238092,0.060922755359333315,5.3107082122526375e-05,0.49660623183789554,True
SORTIE_000548,51,29,51,4483.644553192465,9.33988338381885,0.2221126132644131,0.07773941464254458,6.483644553192465e-05,0.6725466829788697,True
SORTIE_000549,51,29,52,4462.875333645859,9.312191091090046,0.2212618329827201,0.07744164154395203,6.46287533364586e-05,0.6694313000468789,True
SORTIE_000550,51,29,53,3322.430624080067,7.791598145002322,0.1745452065306539,0.06109082228572886,5.322430624080067e-05,0.49836459361201,True
SORTIE_000551,51,29,54,2830.9465532181166,7.136286050519722,0.15441229035066611,0.05404430162273314,4.830946553218118e-05,0.4246419829827175,True
SORTIE_000552,51,29,55,3331.3246375878857,7.803456829679414,0.17490953660577216,0.061218337812020254,5.331324637587886e-05,0.4996986956381828,True
SORTIE_000553,51,29,56,3984.98423430562,8.675002958636393,0.2016857327251764,0.07059000645381173,5.984984234305621e-05,0.597747635145843,True
SORTIE_000554,51,30,0,3792.456624721275,9.506315123233431,0.18712696852554794,0.06549443898394178,5.792456624721276e-05,0.5688684937081913,True
SORTIE_000555,51,30,51,4269.778392204305,10.142744146544139,0.20529222954374926,0.07185228034031224,6.269778392204306e-05,0.6404667588306457,True
SORTIE_000556,51,30,52,5036.697827627071,11.165303393774494,0.23447860375384938,0.08206751131384728,7.036697827627071e-05,0.7555046741440606,True
SORTIE_000557,51,30,53,5909.4143250829875,12.32892539038238,0.26769125830084894,0.09369194040529713,7.909414325082988e-05,0.886412148762448,True
SORTIE_000558,51,30,54,4888.255781749282,10.96738066593744,0.2288293987664784,0.08009028956826743,6.888255781749282e-05,0.7332383672623922,True
SORTIE_000559,51,30,55,5847.120672770907,12.245867187299606,0.26532057141599774,0.0928621999955992,7.847120672770908e-05,0.877068100915636,True
SORTIE_000560,51,30,56,3677.9310452973805,9.353614350668238,0.1827685101747673,0.06396897856116855,5.677931045297381e-05,0.551689656794607,True
SORTIE_000561,51,31,0,5237.067493864617,9.421276391064252,0.2278233482903057,0.079738171901607,7.237067493864618e-05,0.7855601240796926,True
SORTIE_000562,51,31,51,5965.147173605062,10.392049297384844,0.2546646696916486,0.089132634392077,7.965147173605063e-05,0.8947720760407593,True
SORTIE_000563,51,31,52,6721.733678634306,11.400831304090502,0.2825569212054503,0.09889492242190759,8.721733678634306e-05,1.0082600517951459,True
SORTIE_000564,51,31,53,7323.969745096798,12.203812726040493,0.30475890303409153,0.10666561606193203,9.3239697450968e-05,1.0985954617645195,True
SORTIE_000565,51,31,54,6134.548008913941,10.617917077796683,0.2609097859786497,0.0913184250925274,8.134548008913942e-05,0.9201822013370912,True
SORTIE_000566,51,31,55,7120.070378508268,11.931946903922453,0.2972419669288509,0.10403468842509782,9.12007037850827e-05,1.0680105567762401,True
SORTIE_000567,51,31,56,4695.22641561913,8.69882162007027,0.20784788278243432,0.07274675897385201,6.695226415619131e-05,0.7042839623428695,True
SORTIE_000568,51,32,0,3574.4932329175163,9.528902394685705,0.18192822369121592,0.06367487829192557,5.574493232917517e-05,0.5361739849376275,True
SORTIE_000569,51,32,51,4939.436802157643,11.348827153672541,0.2345772948339508,0.08210205319188277,6.939436802157644e-05,0.7409155203236465,True
SORTIE_000570,51,32,52,4976.840885548648,11.398699264860548,0.23602005795754138,0.08260702028513948,6.976840885548648e-05,0.7465261328322972,True
SORTIE_000571,51,32,53,3694.8550597028716,9.689384830399513,0.18657086132408118,0.06529980146342841,5.6948550597028715e-05,0.5542282589554307,True
SORTIE_000572,51,32,54,2749.600870217,8.429045911085018,0.15011019277210924,0.05253856747023823,4.749600870217001e-05,0.41244013053255,True
SORTIE_000573,51,32,55,3472.505334827132,9.392918530565193,0.17799431153303935,0.06229800903656377,5.472505334827133e-05,0.5208758002240698,True
SORTIE_000574,51,32,56,4047.411887492882,10.159460600786193,0.20016980411298102,0.07005943143954335,6.047411887492883e-05,0.6071117831239323,True
SORTIE_000575,51,33,0,6280.473002160772,10.720434193877095,0.2755123355747112,0.09642931745114892,8.280473002160771e-05,0.9420709503241157,True
SORTIE_000576,51,33,51,7886.201107846864,12.86140500145855,0.3371611198909279,0.11800639196182476,9.886201107846864e-05,1.1829301661770295,True
SORTIE_000577,51,33,52,8345.834916976346,13.474250080297859,0.3548078593751056,0.12418275078128696,0.00010345834916976345,1.2518752375464517,True
SORTIE_000578,51,33,53,7531.974429192265,12.389102763252419,0.3235612806441107,0.11324644822543874,9.531974429192265e-05,1.12979616437884,True
SORTIE_000579,51,33,54,6152.107171821261,10.549279753424413,0.2705839810418675,0.09470439336465361,8.152107171821261e-05,0.922816075773189,True
SORTIE_000580,51,33,55,6933.305851570456,11.590877993090007,0.30057657365168156,0.10520180077808854,8.933305851570458e-05,1.0399958777355682,True
SORTIE_000581,51,33,56,5257.048538410555,9.35586824221014,0.23621995861110393,0.08267698551388637,7.257048538410555e-05,0.7885572807615833,True
SORTIE_000582,51,34,0,4714.036274163058,8.445527496765603,0.20705945534861842,0.07247080937201644,6.714036274163058e-05,0.7071054411244586,True
SORTIE_000583,51,34,51,6397.282496280041,10.68985579292158,0.2689823266260652,0.09414381431912282,8.397282496280043e-05,0.9595923744420062,True
SORTIE_000584,51,34,52,6655.31133688348,11.0338942470595,0.2784746317164402,0.09746612110075407,8.655311336883481e-05,0.9982967005325221,True
SORTIE_000585,51,34,53,5467.480172504767,9.450119361221216,0.23477697457947333,0.08217194110281566,7.467480172504769e-05,0.820122025875715,True
SORTIE_000586,51,34,54,4104.54187619786,7.632868299478673,0.184637516921775,0.06462313092262124,6.104541876197861e-05,0.615681281429679,True
SORTIE_000587,51,34,55,4884.125853947215,8.672313603144477,0.21331667132582877,0.07466083496404007,6.884125853947215e-05,0.7326188780920821,True
SORTIE_000588,51,34,56,4251.1682835351985,7.828370175928458,0.19003157515765523,0.06651105130517933,6.2511682835352e-05,0.6376752425302797,True
SORTIE_000589,51,35,0,4451.112866511425,8.888790446204716,0.22004596182505012,0.07701608663876754,6.451112866511425e-05,0.6676669299767136,True
SORTIE_000590,51,35,51,6129.486095654864,11.126621418395967,0.28913619863515666,0.10119766952230483,8.129486095654865e-05,0.9194229143482295,True
SORTIE_000591,51,35,52,6498.064017757559,11.618058647866228,0.3043087094205249,0.10650804829718372,8.49806401775756e-05,0.9747096026636337,True
SORTIE_000592,51,35,53,5670.941510176838,10.5152286377586,0.27026021000011546,0.09459107350004041,7.670941510176839e-05,0.8506412265265257,True
SORTIE_000593,51,35,54,4282.035113415161,8.663353442076362,0.21308587583350738,0.07458005654172759,6.28203511341516e-05,0.6423052670122741,True
SORTIE_000594,51,35,55,5173.80701399224,9.852382642845802,0.24979566762571406,0.08742848366899991,7.173807013992242e-05,0.776071052098836,True
SORTIE_000595,51,35,56,3689.5508544065824,7.873374430064925,0.18869626031154488,0.06604369110904071,5.689550854406583e-05,0.5534326281609874,True
SORTIE_000596,51,36,0,2656.39717073123,5.672288080346682,0.1464850823292653,0.051269778815242854,4.6563971707312305e-05,0.3984595756096844,True
SORTIE_000597,51,36,51,3297.842266827792,6.527548208475432,0.17376255723197667,0.06081689503119183,5.297842266827793e-05,0.49467634002416877,True
SORTIE_000598,51,36,52,3221.0988708730783,6.425223680535813,0.17049904166401544,0.059674664582405404,5.221098870873079e-05,0.4831648306309618,True
SORTIE_000599,51,36,53,2948.1336270713227,6.061270022133472,0.15889118522793785,0.055611914829778245,4.948133627071323e-05,0.4422200440606984,True
SORTIE_000600,51,36,54,2861.9910241801476,5.946413218278573,0.15522796805983194,0.05432978882094117,4.8619910241801485e-05,0.4292986536270222,True
SORTIE_000601,51,36,55,3285.1482863494984,6.51062290117104,0.17322274527298084,0.06062796084554329,5.285148286349499e-05,0.4927722429524247,True
SORTIE_000602,51,36,56,3630.3026231026665,6.970828683508598,0.1879004453842453,0.06576515588448585,5.630302623102667e-05,0.5445453934654,True
SORTIE_000603,51,37,0,4645.101959684151,9.907167234807185,0.21663443160640178,0.07582205106224062,6.64510195968415e-05,0.6967652939526225,True
SORTIE_000604,51,37,51,6013.966243401468,11.73231961309694,0.2687295927225686,0.094055357452899,8.013966243401468e-05,0.9020949365102201,True
SORTIE_000605,51,37,52,5986.0692868589185,11.695123671040209,0.2676679122747537,0.0936837692961638,7.986069286858919e-05,0.8979103930288378,True
SORTIE_000606,51,37,53,4152.310638893777,9.25011214042002,0.19788016680557902,0.06925805838195265,6.152310638893777e-05,0.6228465958340665,True
SORTIE_000607,51,37,54,3449.4293146398295,8.312937041414758,0.17113046176315,0.0598956616171025,5.449429314639829e-05,0.5174143971959744,True
SORTIE_000608,51,37,55,3568.3407840171003,8.471485667251118,0.17565590101191653,0.06147956535417078,5.568340784017101e-05,0.535251117602565,True
SORTIE_000609,51,37,56,4910.5334314782185,10.261075863865942,0.22673601395674442,0.07935760488486054,6.910533431478218e-05,0.7365800147217327,True
SORTIE_000610,51,38,0,3580.9675177212075,8.34588220311452,0.17086689485468623,0.059803413199140176,5.580967517721208e-05,0.5371451276581811,True
SORTIE_000611,51,38,51,5162.956183140734,10.45520042367389,0.2289967184921117,0.08014885147223909,7.162956183140734e-05,0.7744434274711101,True
SORTIE_000612,51,38,52,5327.691404887801,10.67484738600331,0.2350498777822825,0.08226745722379887,7.3276914048878e-05,0.79915371073317,True
SORTIE_000613,51,38,53,4233.303108179433,9.215662990392158,0.19483682185520393,0.06819288764932137,6.233303108179434e-05,0.634995466226915,True
SORTIE_000614,51,38,54,2886.422185378341,7.4198217599907,0.14534598022374534,0.050871093078310864,4.8864221853783417e-05,0.4329633278067512,True
SORTIE_000615,51,38,55,3871.8337291430794,8.733703818343685,0.18155470946526417,0.06354414831284246,5.8718337291430804e-05,0.5807750593714619,True
SORTIE_000616,51,38,56,3765.2415667077494,8.591580935096577,0.17763800403055466,0.062173301410694125,5.7652415667077496e-05,0.5647862350061623,True
SORTIE_000617,51,39,0,3297.8768959814133,9.17169480169607,0.18338132740002183,0.06418346459000764,5.297876895981414e-05,0.494681534397212,True
SORTIE_000618,51,39,51,4282.477542439561,10.484495663640267,0.22496515774709241,0.07873780521148234,6.282477542439561e-05,0.6423716313659341,True
SORTIE_000619,51,39,52,4193.342320116537,10.365648700542902,0.2212006020601116,0.07742021072103905,6.193342320116537e-05,0.6290013480174805,True
SORTIE_000620,51,39,53,3104.3060378869536,8.913600324236791,0.17520601515328238,0.06132210530364883,5.104306037886954e-05,0.46564590568304304,True
SORTIE_000621,51,39,54,2949.0356311395544,8.706573115240259,0.1686482922071001,0.05902690227248503,4.949035631139555e-05,0.4423553446709331,True
SORTIE_000622,51,39,55,3286.209464517784,9.156138226411231,0.182888562650867,0.06401099692780345,5.286209464517784e-05,0.4929314196776676,True
SORTIE_000623,51,39,56,4068.881343695578,10.199700731981624,0.2159440910605122,0.07558043187117927,6.0688813436955786e-05,0.6103322015543367,True
SORTIE_000624,51,40,0,3753.575035397007,9.943478755622454,0.20354993260711515,0.0712424764124903,5.753575035397008e-05,0.563036255309551,True
SORTIE_000625,51,40,51,5378.118387319388,12.109536558185628,0.2722762791733544,0.09529669771067403,7.378118387319388e-05,0.8067177580979081,True
SORTIE_000626,51,40,52,5571.87371329461,12.367876992819259,0.280473103016972,0.09816558605594018,7.571873713294611e-05,0.8357810569941915,True
SORTIE_000627,51,40,53,4474.369149212102,10.904537574042582,0.23404314536769913,0.08191510087869469,6.474369149212102e-05,0.6711553723818152,True
SORTIE_000628,51,40,54,3093.805131167577,9.063785549983216,0.1756383505379819,0.061473422688293665,5.093805131167578e-05,0.4640707696751366,True
SORTIE_000629,51,40,55,4057.4180614903944,10.348602790413636,0.2164040193191247,0.07574140676169364,6.0574180614903946e-05,0.6086127092235591,True
SORTIE_000630,51,40,56,3784.16171587775,9.984260996263444,0.20484390287915674,0.07169536600770486,5.78416171587775e-05,0.5676242573816624,True
SORTIE_000631,51,41,0,4373.955022903633,10.168929094272565,0.22542571702151107,0.07889900095752887,6.373955022903635e-05,0.6560932534355449,True
SORTIE_000632,51,41,51,5666.826905493266,11.892758271058742,0.27954060571678735,0.09783921200087557,7.666826905493268e-05,0.85002403582399,True
SORTIE_000633,51,41,52,6277.08237936978,12.706432236227428,0.305083668018029,0.10677928380631015,8.27708237936978e-05,0.941562356905467,True
SORTIE_000634,51,41,53,6286.463266213724,12.718940085352685,0.3054763176334001,0.10691671117169003,8.286463266213725e-05,0.9429694899320584,True
SORTIE_000635,51,41,54,4994.061693810093,10.995737988814511,0.2513811144024847,0.08798339004086964,6.994061693810095e-05,0.749109254071514,True
SORTIE_000636,51,41,55,5971.969703137753,12.299615334584725,0.2923127672534907,0.10230946853872173,7.971969703137754e-05,0.895795455470663,True
SORTIE_000637,51,41,56,3508.85104253297,9.015457120445014,0.18921562827410324,0.06622546989593613,5.5088510425329714e-05,0.5263276563799455,True
SORTIE_000638,51,42,0,5598.273176694388,12.03708066796019,0.2680753965068487,0.09382638877739703,7.598273176694388e-05,0.8397409765041581,True
SORTIE_000639,51,42,51,6910.820999395709,13.78714443156195,0.32077744178699674,0.11227210462544886,8.91082099939571e-05,1.0366231499093563,True
SORTIE_000640,51,42,52,6808.495627321817,13.650710602130093,0.3166688247148602,0.11083408865020106,8.808495627321817e-05,1.0212743440982723,True
SORTIE_000641,51,42,53,4612.327109471579,10.72248591166311,0.22848722045729347,0.0799705271600527,6.61232710947158e-05,0.6918490664207368,True
SORTIE_000642,51,42,54,4397.125805514506,10.435550839720348,0.21984635521083656,0.07694622432379279,6.397125805514507e-05,0.659568870827176,True
SORTIE_000643,51,42,55,3783.0094700983855,9.616729059165518,0.19518806363730062,0.06831582227305522,5.783009470098386e-05,0.5674514205147578,True
SORTIE_000644,51,42,56,5809.803671670681,12.319121327928581,0.27656886968288064,0.09679910438900821,7.809803671670682e-05,0.8714705507506022,True
SORTIE_000645,51,43,0,5174.192013426383,9.69831263707105,0.2384858380649684,0.08347004332273894,7.174192013426384e-05,0.7761288020139575,True
SORTIE_000646,51,43,51,6774.690513689794,11.832310637422264,0.3010583296013873,0.10537041536048554,8.774690513689795e-05,1.0162035770534692,True
SORTIE_000647,51,43,52,7237.967097327308,12.45001274893895,0.3191704178688292,0.11170964625409022,9.237967097327308e-05,1.0856950645990961,True
SORTIE_000648,51,43,53,6582.025521832315,11.57542398161229,0.293525971045361,0.10273408986587634,8.582025521832316e-05,0.9873038282748472,True
SORTIE_000649,51,43,54,5193.235653844855,9.723704157629012,0.23923036111744947,0.08373062639110732,7.193235653844856e-05,0.7789853480767283,True
SORTIE_000650,51,43,55,6069.1079468611715,10.891533881650767,0.27347313712300475,0.09571559799305165,8.069107946861174e-05,0.9103661920291757,True
SORTIE_000651,51,43,56,4145.657355433214,8.326933093080157,0.19827463126183872,0.06939612094164355,6.145657355433216e-05,0.6218486033149822,True
SORTIE_000652,51,44,0,3600.27923509624,7.498082135048275,0.17888444482999427,0.06260955569049799,5.60027923509624e-05,0.540041885264436,True
SORTIE_000653,51,44,51,4969.320113135537,9.323469972434005,0.23329716745039614,0.08165400860763865,6.969320113135537e-05,0.7453980169703306,True
SORTIE_000654,51,44,52,5538.801143128849,10.082778012425086,0.25593127123770276,0.08957594493319596,7.538801143128848e-05,0.8308201714693273,True
SORTIE_000655,51,44,53,5543.531309082076,10.089084900362723,0.2561192723500801,0.08964174532252803,7.543531309082076e-05,0.8315296963623114,True
SORTIE_000656,51,44,54,4295.957966654819,8.42565377712638,0.20653429404956114,0.0722870029173464,6.295957966654818e-05,0.6443936949982229,True
SORTIE_000657,51,44,55,5281.3285647177845,9.739481241210333,0.24569798732619147,0.085994295564167,7.281328564717784e-05,0.7921992847076677,True
SORTIE_000658,51,44,56,2881.2984727007374,6.539441118520937,0.15030845311113444,0.05260795858889705,4.881298472700738e-05,0.4321947709051106,True
SORTIE_000659,51,45,0,6031.637446549691,11.180575501247043,0.27257479695466746,0.09540117893413361,8.031637446549692e-05,0.9047456169824537,True
SORTIE_000660,51,45,51,7686.908127404252,13.38760307571979,0.3370720004969605,0.11797520017393617,9.686908127404252e-05,1.1530362191106378,True
SORTIE_000661,51,45,52,7861.470351538463,13.620352707898737,0.34387377342207937,0.12035582069772777,9.861470351538463e-05,1.1792205527307693,True
SORTIE_000662,51,45,53,6237.779951646463,11.455432174709404,0.28060708754238006,0.09821248063983301,8.237779951646463e-05,0.9356669927469694,True
SORTIE_000663,51,45,54,5110.290171802125,9.952112468250286,0.23667473335790756,0.08283615667526764,7.110290171802125e-05,0.7665435257703187,True
SORTIE_000664,51,45,55,5481.2229742204945,10.446689538141445,0.2511280362133291,0.08789481267466517,7.481222974220494e-05,0.8221834461330741,True
SORTIE_000665,51,45,56,5584.466564173594,10.584347658078912,0.2551508965905843,0.0893028138067045,7.584466564173595e-05,0.837669984626039,True
SORTIE_000666,51,46,0,7168.624052347844,14.307209461744993,0.31983146259323536,0.11194101190763237,9.168624052347844e-05,1.0752936078521764,True
SORTIE_000667,51,46,51,8855.256494125193,16.556052717448125,0.38472993392641774,0.1346554768742462,0.00010855256494125194,1.3282884741187788,True
SORTIE_000668,51,46,52,9095.119392404471,16.875869915153828,0.3939594109851347,0.13788579384479713,0.00011095119392404474,1.3642679088606704,True
SORTIE_000669,51,46,53,7522.479188065407,14.779016309368409,0.33344714838976003,0.116706501936416,9.522479188065408e-05,1.1283718782098109,True
SORTIE_000670,51,46,54,6385.516111224899,13.263065540247732,0.2896989292629746,0.1013946252420411,8.385516111224899e-05,0.9578274166837347,True
SORTIE_000671,51,46,55,6743.513198887307,13.740394990464276,0.30347398964693034,0.10621589637642562,8.743513198887308e-05,1.0115269798330961,True
SORTIE_000672,51,46,56,6490.58338152465,13.403155233980733,0.2937417219074815,0.10280960266761852,8.49058338152465e-05,0.9735875072286975,True
SORTIE_000673,51,47,0,4931.976158403782,11.121649677525916,0.23404294547217627,0.08191503091526169,6.931976158403784e-05,0.7397964237605673,True
SORTIE_000674,51,47,51,5898.180797405296,12.409922529527936,0.27143364316863694,0.09500177510902293,7.898180797405297e-05,0.8847271196107944,True
SORTIE_000675,51,47,52,6605.62678841176,13.353183850869886,0.2988107619678506,0.1045837666887477,8.60562678841176e-05,0.9908440182617639,True
SORTIE_000676,51,47,53,6966.976517408559,13.834983489532284,0.3127944647304246,0.1094780626556486,8.966976517408559e-05,1.0450464776112838,True
SORTIE_000677,51,47,54,5727.170245624791,12.181908460487263,0.2648157864678684,0.09268552526375394,7.727170245624793e-05,0.8590755368437187,True
SORTIE_000678,51,47,55,6711.468020329966,13.494305493427495,0.30290666189083615,0.10601733166179264,8.711468020329967e-05,1.0067202030494948,True
SORTIE_000679,51,47,56,4259.24432863778,10.22467390450458,0.20800921362882493,0.07280322477008873,6.25924432863778e-05,0.638886649295667,True
SORTIE_000680,51,48,0,6290.064623236763,12.285505718785213,0.3049710998983643,0.1067398849644275,8.290064623236765e-05,0.9435096934855144,True
SORTIE_000681,51,48,51,7893.396357493891,14.423281364461383,0.37236032363699634,0.1303261132729487,9.893396357493892e-05,1.1840094536240835,True
SORTIE_000682,51,48,52,8355.268097747872,15.039110351466691,0.39177313595618124,0.1371205975846634,0.00010355268097747873,1.253290214662181,True
SORTIE_000683,51,48,53,7547.931252451479,13.962661224404835,0.35784016866209356,0.12524405903173275,9.54793125245148e-05,1.1321896878677218,True
SORTIE_000684,51,48,54,6167.615027522192,12.122239591165785,0.29982445243545636,0.10493855835240971,8.167615027522194e-05,0.9251422541283286,True
SORTIE_000685,51,48,55,6950.386894923537,13.165935414367578,0.33272493546185694,0.11645372741164992,8.950386894923537e-05,1.0425580342385306,True
SORTIE_000686,51,48,56,5264.369176607679,10.917911789946434,0.26186035839444893,0.09165112543805712,7.26436917660768e-05,0.7896553764911518,True
SORTIE_000687,51,49,0,3800.454495222985,9.15166704675281,0.19922461732741414,0.06972861606459495,5.800454495222986e-05,0.5700681742834477,True
SORTIE_000688,51,49,51,5292.972348453463,11.141690851060112,0.2612301553397593,0.09143055436891574,7.292972348453464e-05,0.7939458522680195,True
SORTIE_000689,51,49,52,5384.548982462071,11.263793029738256,0.2650346381127949,0.0927621233394782,7.38454898246207e-05,0.8076823473693105,True
SORTIE_000690,51,49,53,4074.7215336291374,9.517356431294345,0.2106188363236005,0.07371659271326017,6.074721533629138e-05,0.6112082300443706,True
SORTIE_000691,51,49,54,2716.82575435023,7.706828725589135,0.15420607169459374,0.05397212509310781,4.7168257543502305e-05,0.40752386315253447,True
SORTIE_000692,51,49,55,3697.837493194353,9.014844377381298,0.19496147072167858,0.06823651475258749,5.697837493194354e-05,0.5546756239791529,True
SORTIE_000693,51,49,56,4072.5283075232765,9.514432129819863,0.21052772038526696,0.07368470213484343,6.072528307523277e-05,0.6108792461284914,True
SORTIE_000694,51,50,0,4828.706671888941,8.723562807208392,0.21437127279849066,0.07502994547947173,6.828706671888941e-05,0.7243060007833412,True
SORTIE_000695,51,50,51,6376.239306586738,10.786939653472121,0.2721324948645127,0.09524637320257943,8.376239306586739e-05,0.9564358959880107,True
SORTIE_000696,51,50,52,6877.12971139456,11.454793526549217,0.29082808890508305,0.10178983111677906,8.877129711394561e-05,1.031569456709184,True
SORTIE_000697,51,50,53,6403.552371552747,10.823357073426802,0.2731519473629173,0.09560318157702105,8.403552371552748e-05,0.960532855732912,True
SORTIE_000698,51,50,54,5028.106515138794,8.989429264874863,0.22181381608814088,0.0776348356308493,7.028106515138795e-05,0.7542159772708191,True
SORTIE_000699,51,50,55,5951.038958738655,10.220005856341345,0.25626201099623613,0.08969170384868264,7.951038958738655e-05,0.8926558438107982,True
SORTIE_000700,51,50,56,3765.3449058891374,7.305747119208654,0.17468159277153195,0.06113855747003618,5.765344905889138e-05,0.5648017358833706,True
SORTIE_000701,52,1,0,3990.8897992431157,8.781161391505302,0.2059749589000972,0.07209123561503401,5.990889799243116e-05,0.5986334698864674,True
SORTIE_000702,52,1,51,4742.425232970711,9.783208636475429,0.23744862149731955,0.08310701752406184,6.74242523297071e-05,0.7113637849456065,True
SORTIE_000703,52,1,52,4459.025410195856,9.405342206108957,0.22558007877553826,0.07895302757143839,6.459025410195857e-05,0.6688538115293784,True
SORTIE_000704,52,1,53,2605.06063794951,6.933389176447161,0.14793761630454338,0.05177816570659018,4.60506063794951e-05,0.39075909569242645,True
SORTIE_000705,52,1,54,3408.5962351020444,8.00476997265054,0.1815890013685818,0.06355615047900363,5.4085962351020455e-05,0.5112894352653066,True
SORTIE_000706,52,1,55,3163.4408903431863,7.67789617963873,0.17132210474791926,0.05996273666177174,5.163440890343187e-05,0.4745161335514779,True
SORTIE_000707,52,1,56,4731.136677934103,9.768157229759954,0.2369758664461437,0.0829415532561503,6.731136677934104e-05,0.7096705016901156,True
SORTIE_000708,52,2,0,6367.425031371412,11.910368244999411,0.31225692146603307,0.10928992251311156,8.367425031371412e-05,0.9551137547057118,True
SORTIE_000709,52,2,51,7937.551341762382,14.003869992187372,0.3797170611050228,0.13290097138675797,9.937551341762383e-05,1.1906327012643574,True
SORTIE_000710,52,2,52,8426.505775864407,14.655809237656735,0.40072488333138384,0.14025370916598434,0.00010426505775864406,1.263975866379661,True
SORTIE_000711,52,2,53,7761.622651417199,13.76929840506046,0.37215832271649435,0.130255412950773,9.7616226514172e-05,1.16424339771258,True
SORTIE_000712,52,2,54,6372.47527967793,11.917101909408101,0.3124739042996526,0.10936586650487841,8.372475279677931e-05,0.9558712919516895,True
SORTIE_000713,52,2,55,7212.655773591623,13.037342567959692,0.3485720787371345,0.12200022755799708,9.212655773591623e-05,1.0818983660387436,True
SORTIE_000714,52,2,56,5317.100183800203,10.509935114904465,0.2671299400158521,0.09349547900554823,7.317100183800204e-05,0.7975650275700304,True
SORTIE_000715,52,3,0,4373.516945599959,9.148090308381754,0.2076138127430918,0.07266483446008212,6.373516945599959e-05,0.6560275418399939,True
SORTIE_000716,52,3,51,5200.393120447601,10.250591874845275,0.23963127103709067,0.08387094486298173,7.200393120447602e-05,0.7800589680671401,True
SORTIE_000717,52,3,52,4916.495290391945,9.872061434771066,0.22863846799104984,0.08002346379686744,6.916495290391946e-05,0.7374742935587917,True
SORTIE_000718,52,3,53,2674.392132823112,6.882590558012623,0.14182202978428865,0.049637710424501026,4.674392132823113e-05,0.4011588199234668,True
SORTIE_000719,52,3,54,3640.130402040113,8.17024158363529,0.17921636487112477,0.06272572770489367,5.6401304020401143e-05,0.546019560306017,True
SORTIE_000720,52,3,55,3202.9389330526506,7.587319624985341,0.1622878814408489,0.05680075850429711,5.202938933052651e-05,0.4804408399578976,True
SORTIE_000721,52,3,56,5040.1589992823865,10.036946379958323,0.23342684835841318,0.0816993969254446,7.040158999282388e-05,0.7560238498923579,True
SORTIE_000722,52,4,0,3653.922361829529,7.2926437494352045,0.1888202088130686,0.06608707308457401,5.65392236182953e-05,0.5480883542744294,True
SORTIE_000723,52,4,51,4652.406982500997,8.623956576997161,0.23094032745496174,0.0808291146092366,6.652406982500998e-05,0.6978610473751495,True
SORTIE_000724,52,4,52,5301.336623747981,9.489196098659807,0.2583148036498811,0.09041018127745837,7.301336623747982e-05,0.7952004935621971,True
SORTIE_000725,52,4,53,5764.500376574073,10.106747769094596,0.27785292353252905,0.09724852323638516,7.764500376574074e-05,0.864675056486111,True
SORTIE_000726,52,4,54,4688.3858914191815,8.67192845555474,0.2324580633127466,0.0813603221594613,6.688385891419182e-05,0.7032578837128772,True
SORTIE_000727,52,4,55,5653.736586446683,9.95906271559141,0.27318045899496407,0.09561316064823742,7.653736586446684e-05,0.8480604879670024,True
SORTIE_000728,52,4,56,3553.982018881128,7.159389958837337,0.18460432104179048,0.06461151236462666,5.553982018881129e-05,0.5330973028321692,True
SORTIE_000729,52,5,0,4079.868702053639,8.283526287588543,0.18798284953724603,0.0657939973380361,6.07986870205364e-05,0.6119803053080458,True
SORTIE_000730,52,5,51,5419.877881270273,10.070205193210722,0.23777763108906375,0.0832221708811723,7.419877881270273e-05,0.812981682190541,True
SORTIE_000731,52,5,52,5997.099885152703,10.839834531720628,0.2592272181784827,0.09072952636246895,7.997099885152704e-05,0.8995649827729054,True
SORTIE_000732,52,5,53,6052.6041492795275,10.913840217223063,0.26128975830899537,0.09145141540814837,8.052604149279529e-05,0.9078906223919292,True
SORTIE_000733,52,5,54,4823.604009834038,9.275173364629076,0.21562007602620853,0.07546702660917298,6.823604009834038e-05,0.7235406014751057,True
SORTIE_000734,52,5,55,5809.204390451648,10.589307205452554,0.252245015923212,0.08828575557312421,7.809204390451648e-05,0.871380658567747,True
SORTIE_000735,52,5,56,3444.309135792927,7.436113532574261,0.16436543686875876,0.057527902904065564,5.444309135792928e-05,0.516646370368939,True
SORTIE_000736,52,6,0,4703.614598052672,8.594708968604584,0.22944098008384622,0.08030434302934618,6.703614598052671e-05,0.7055421897079007,True
SORTIE_000737,52,6,51,5918.505749912245,10.214563837750683,0.27984555328196153,0.09794594364868653,7.918505749912246e-05,0.8877758624868367,True
SORTIE_000738,52,6,52,5798.687213750737,10.054805789535338,0.2748744065523146,0.0962060422933101,7.798687213750738e-05,0.8698030820626106,True
SORTIE_000739,52,6,53,3730.3175933097436,7.296979628947348,0.18905989734735595,0.06617096407157458,5.730317593309744e-05,0.5595476389964615,True
SORTIE_000740,52,6,54,3610.588071731637,7.137340266843205,0.1840924437404039,0.06443235530914136,5.610588071731637e-05,0.5415882107597455,True
SORTIE_000741,52,6,55,3198.939636521857,6.5884756865635,0.16701357733112798,0.05845475206589479,5.1989396365218574e-05,0.47984094547827855,True
SORTIE_000742,52,6,56,5096.24815404079,9.118220376588743,0.24573093888595537,0.08600582861008438,7.09624815404079e-05,0.7644372231061185,True
SORTIE_000743,52,7,0,6705.396593650126,12.605086199707952,0.29454039841406243,0.10308913944492185,8.705396593650127e-05,1.0058094890475189,True
SORTIE_000744,52,7,51,8396.275893314698,14.859591932594046,0.3588132534237341,0.12558463869830694,0.00010396275893314698,1.2594413839972047,True
SORTIE_000745,52,7,52,8693.86124661062,15.256372403655277,0.37012491846640444,0.12954372146324156,0.0001069386124661062,1.3040791869915929,True
SORTIE_000746,52,7,53,7359.4890608673795,13.477209489330956,0.319403432881817,0.11179120150863595,9.359489060867379e-05,1.103923359130107,True
SORTIE_000747,52,7,54,6091.486079493261,11.786538847498797,0.27120474017213786,0.09492165906024824,8.091486079493261e-05,0.9137229119239891,True
SORTIE_000748,52,7,55,6644.832322479913,12.524333838147665,0.2922382597454645,0.10228339091091258,8.644832322479914e-05,0.9967248483719869,True
SORTIE_000749,52,7,56,5950.180915011287,11.598131961522832,0.2658335192040478,0.09304173172141672,7.950180915011288e-05,0.892527137251693,True
SORTIE_000750,52,8,0,4318.5173308010035,8.709439786202816,0.2190839272614968,0.07667937454152388,6.318517330801005e-05,0.6477775996201505,True
SORTIE_000751,52,8,51,5695.518966319332,10.545441966893922,0.2772051396283716,0.09702179886993006,7.695518966319332e-05,0.8543278449478998,True
SORTIE_000752,52,8,52,6265.201610844263,11.305018826260497,0.30125060559595046,0.10543771195858266,8.265201610844264e-05,0.9397802416266394,True
SORTIE_000753,52,8,53,6238.18614906087,11.268998210549306,0.3001103227153781,0.10503861295038232,8.238186149060872e-05,0.9357279223591305,True
SORTIE_000754,52,8,54,4973.392466081708,9.582606633243756,0.24672524287773315,0.0863538350072066,6.973392466081709e-05,0.7460088699122561,True
SORTIE_000755,52,8,55,5957.5186948645805,10.894774938287586,0.2882637625595709,0.10089231689584982,7.957518694864582e-05,0.893627804229687,True
SORTIE_000756,52,8,56,3522.985868948669,7.648731170399705,0.18550571511838246,0.06492700029143386,5.52298586894867e-05,0.5284478803423004,True
SORTIE_000757,52,9,0,2679.062025555636,6.339977972443656,0.13904514734606194,0.04866580157112167,4.6790620255556366e-05,0.4018593038333454,True
SORTIE_000758,52,9,51,3145.0967003759497,6.961357538870741,0.15695785411020077,0.05493524893857027,5.1450967003759494e-05,0.47176450505639245,True
SORTIE_000759,52,9,52,2972.5082989501216,6.731239670302971,0.15032417298588457,0.052613460545059595,4.972508298950121e-05,0.4458762448425182,True
SORTIE_000760,52,9,53,2709.0111335859065,6.379910116484017,0.14019628398670053,0.04906869939534518,4.709011133585907e-05,0.40635167003788597,True
SORTIE_000761,52,9,54,2829.2722496247743,6.540258271202507,0.14481869133774772,0.0506865419682117,4.829272249624774e-05,0.42439083744371614,True
SORTIE_000762,52,9,55,3142.65661998779,6.958104098353194,0.15686406614369186,0.054902423150292146,5.1426566199877895e-05,0.47139849299816844,True
SORTIE_000763,52,9,56,3658.7944638799563,7.6462878902094165,0.1767025596014586,0.0618458958605105,5.658794463879956e-05,0.5488191695819934,True
SORTIE_000764,52,10,0,6122.856112337434,11.469099329792359,0.2681482170832632,0.09385187597914212,8.122856112337434e-05,0.918428416850615,True
SORTIE_000765,52,10,51,7761.989667688283,13.654610736926823,0.3297013778789364,0.11539548225762773,9.761989667688284e-05,1.1642984501532423,True
SORTIE_000766,52,10,52,8186.714388513654,14.220910364693985,0.34565074878255725,0.12097776207389503,0.00010186714388513654,1.228007158277048,True
SORTIE_000767,52,10,53,7328.97394597842,13.077256441313674,0.3134406611981918,0.10970423141936712,9.328973945978421e-05,1.0993460918967628,True
SORTIE_000768,52,10,54,5947.212764780436,11.234908199716362,0.2615524133553894,0.0915433446743863,7.947212764780437e-05,0.8920819147170654,True
SORTIE_000769,52,10,55,6744.587297847998,12.298074243806445,0.29149562493083475,0.10202346872579215,8.744587297847999e-05,1.0116880946771996,True
SORTIE_000770,52,10,56,5147.6823346170295,10.168867626165152,0.23152824298304406,0.08103488504406542,7.14768233461703e-05,0.7721523501925545,True
SORTIE_000771,52,11,0,6566.556318442453,13.427785897225512,0.32369890278901153,0.11329461597615403,8.566556318442454e-05,0.9849834477663679,True
SORTIE_000772,52,11,51,8197.52250370515,15.602407477575774,0.3932461402185784,0.13763614907650243,0.00010197522503705152,1.2296283755557724,True
SORTIE_000773,52,11,52,8631.263325003045,16.180728572639634,0.41174160392240833,0.1441095613728429,0.00010631263325003046,1.2946894987504567,True
SORTIE_000774,52,11,53,7747.985200809632,15.003024407048418,0.37407708703990317,0.13092698046396611,9.747985200809634e-05,1.1621977801214447,True
SORTIE_000775,52,11,54,6373.129047604222,13.169882869441203,0.31545082722993867,0.11040778953047853,8.373129047604223e-05,0.9559693571406334,True
SORTIE_000776,52,11,55,7139.329334794687,14.191483252361824,0.34812294132607163,0.12184302946412506,9.139329334794688e-05,1.070899400219203,True
SORTIE_000777,52,11,56,5574.2817363739605,12.104753121134188,0.28138658719472687,0.0984853055181544,7.574281736373962e-05,0.836142260456094,True
SORTIE_000778,52,12,0,3565.1617265169807,9.069586265022272,0.18498473380608188,0.06474465683212866,5.565161726516981e-05,0.534774258977547,True
SORTIE_000779,52,12,51,3605.4853506575373,9.123351097209682,0.18659896947134297,0.06530963931497004,5.605485350657538e-05,0.5408228025986306,True
SORTIE_000780,52,12,52,3079.1945598157627,8.421630042753982,0.1655304920469438,0.05793567221643033,5.079194559815763e-05,0.4618791839723644,True
SORTIE_000781,52,12,53,2613.8321879121277,7.801146880215801,0.14690110160875122,0.051415385563062924,4.613832187912128e-05,0.3920748281868191,True
SORTIE_000782,52,12,54,3482.8481721428293,8.959834859190071,0.18168955689584165,0.06359134491354458,5.48284817214283e-05,0.5224272258214244,True
SORTIE_000783,52,12,55,3371.901099643055,8.811905429190372,0.17724812274396157,0.06203684296038654,5.3719010996430564e-05,0.5057851649464583,True
SORTIE_000784,52,12,56,4530.092631308392,10.356160804744153,0.22361285601051323,0.07826449960367962,6.530092631308392e-05,0.6795138946962588,True
SORTIE_000785,52,13,0,2722.285454863945,7.87008277386567,0.1481730868961087,0.051860580413638044,4.7222854548639454e-05,0.4083428182295917,True
SORTIE_000786,52,13,51,2485.5623567469156,7.554451976376298,0.13893719221814832,0.04862801727635191,4.485562356746916e-05,0.3728343535120373,True
SORTIE_000787,52,13,52,2004.5771494199691,6.913138366607036,0.120171263790106,0.0420599423265371,4.0045771494199695e-05,0.30068657241299535,True
SORTIE_000788,52,13,53,2523.8691832705044,7.605527745074417,0.1404317561962011,0.049151114668670386,4.5238691832705046e-05,0.37858037749057566,True
SORTIE_000789,52,13,54,3000.379048758305,8.240874232391484,0.15902307645882566,0.055658076760588975,5.0003790487583054e-05,0.45005685731374573,True
SORTIE_000790,52,13,55,3162.3872483154273,8.456885165134313,0.16534392423404293,0.05787037348191502,5.162387248315428e-05,0.47435808724731404,True
SORTIE_000791,52,13,56,3763.5513893502325,9.258437353180721,0.1887987063610455,0.06607954722636593,5.7635513893502336e-05,0.5645327084025349,True
SORTIE_000792,52,14,0,3870.1305289377797,7.528447835818165,0.2007249706588112,0.07025373973058392,5.8701305289377795e-05,0.580519579340667,True
SORTIE_000793,52,14,51,5201.67937598754,9.303846298551179,0.2579252359848826,0.0902738325947089,7.20167937598754e-05,0.780251906398131,True
SORTIE_000794,52,14,52,5200.241085322522,9.301928577664487,0.257863450337411,0.09025220761809384,7.200241085322523e-05,0.7800361627983782,True
SORTIE_000795,52,14,53,3716.777961790443,7.323977746288382,0.19413729830364593,0.06794805440627608,5.716777961790443e-05,0.5575166942685664,True
SORTIE_000796,52,14,54,2885.423558195551,6.21550520816186,0.15842423184649884,0.05544848114627459,4.885423558195552e-05,0.4328135337293326,True
SORTIE_000797,52,14,55,3437.861323809591,6.952088895647246,0.18215568326060103,0.06375448914121036,5.437861323809591e-05,0.5156791985714386,True
SORTIE_000798,52,14,56,4309.118186290393,8.113764712288315,0.21958286725875595,0.07685400354056458,6.309118186290394e-05,0.646367727943559,True
SORTIE_000799,52,15,0,3933.889109132217,9.043333853405487,0.18760718159705195,0.06566251355896818,5.933889109132218e-05,0.5900833663698326,True
SORTIE_000800,52,15,51,5496.3258485493225,11.126582839294962,0.24615635824692841,0.08615472538642494,7.496325848549323e-05,0.8244488772823982,True
SORTIE_000801,52,15,52,5977.66641500729,11.768370261238918,0.2641936285845506,0.0924677700045927,7.977666415007291e-05,0.8966499622510935,True
SORTIE_000802,52,15,53,5715.236915013789,11.418464261247584,0.25435961049880684,0.08902586367458239,7.71523691501379e-05,0.8572855372520684,True
SORTIE_000803,52,15,54,4429.658187018116,9.704359290586686,0.20618513140224973,0.0721647959907874,6.429658187018117e-05,0.6644487280527175,True
SORTIE_000804,52,15,55,5413.026474394577,11.015517007088633,0.2430348816141978,0.08506220856496922,7.413026474394578e-05,0.8119539711591865,True
SORTIE_000805,52,15,56,3112.4959931915105,7.948143032151211,0.15682712539961097,0.05488949388986383,5.112495993191511e-05,0.4668743989787265,True
SORTIE_000806,52,16,0,3478.2452954763658,8.96987490869202,0.17371972247746517,0.0608019028671128,5.478245295476366e-05,0.5217367943214548,True
SORTIE_000807,52,16,51,3943.2810744989006,9.5899226140554,0.1912864688684687,0.06695026410396404,5.943281074498901e-05,0.591492161174835,True
SORTIE_000808,52,16,52,3600.991736536321,9.133536830105294,0.17835647452486839,0.06242476608370393,5.600991736536321e-05,0.5401487604804481,True
SORTIE_000809,52,16,53,2531.467454951917,7.707504454659421,0.13795514916210952,0.04828430220673833,4.531467454951917e-05,0.3797201182427875,True
SORTIE_000810,52,16,54,3225.7161174746207,8.633169338023027,0.16418042200555402,0.057463147701943905,5.225716117474621e-05,0.48385741762119305,True
SORTIE_000811,52,16,55,3168.5233094973237,8.556912260719965,0.16201996124436632,0.05670698643552821,5.168523309497324e-05,0.4752784964245985,True
SORTIE_000812,52,16,56,4362.41187366725,10.148763679613198,0.20711915268717382,0.07249170344051083,6.362411873667251e-05,0.6543617810500874,True
SORTIE_000813,52,17,0,5139.8909286387325,8.894996767976247,0.23827555081884882,0.08339644278659708,7.139890928638734e-05,0.7709836392958098,True
SORTIE_000814,52,17,51,6597.891739415616,10.838997849012092,0.2964573477194342,0.10376007170180197,8.597891739415616e-05,0.9896837609123424,True
SORTIE_000815,52,17,52,7145.851907397986,11.569611406321918,0.31832380140554234,0.11141333049193981,9.145851907397988e-05,1.0718777861096977,True
SORTIE_000816,52,17,53,6879.23201508202,11.214118216567297,0.3076842843972371,0.10768949953903298,8.879232015082021e-05,1.0318848022623028,True
SORTIE_000817,52,17,54,5532.61566642651,9.418629751693285,0.25394730543168,0.08888155690108798,7.532615666426511e-05,0.8298923499639765,True
SORTIE_000818,52,17,55,6487.5314791932,10.691850835382203,0.2920534007540446,0.10221869026391561,8.487531479193201e-05,0.9731297218789798,True
SORTIE_000819,52,17,56,4103.407914964849,7.513019416411069,0.1969145009849,0.06892007534471499,6.103407914964849e-05,0.6155111872447273,True
SORTIE_000820,52,18,0,4563.004547560072,8.449503577299023,0.20476589324133448,0.07166806263446707,6.563004547560072e-05,0.6844506821340108,True
SORTIE_000821,52,18,51,5255.423303179594,9.37272858479172,0.23060886917790435,0.08071310421226652,7.255423303179594e-05,0.7883134954769391,True
SORTIE_000822,52,18,52,5991.8784187416795,10.354668738874498,0.2580954034107996,0.09033339119377987,7.99187841874168e-05,0.8987817628112519,True
SORTIE_000823,52,18,53,6679.476874431204,11.271466679793864,0.28375847247152736,0.09931546536503456,8.679476874431203e-05,1.0019215311646805,True
SORTIE_000824,52,18,54,5594.186464116579,9.824412799374365,0.2432524438142642,0.08513835533499246,7.59418646411658e-05,0.8391279696174869,True
SORTIE_000825,52,18,55,6566.134327358482,11.1203432836969,0.27952821629660735,0.09783487570381257,8.566134327358483e-05,0.9849201491037722,True
SORTIE_000826,52,18,56,4314.696018553041,8.118425538622981,0.19549833471855543,0.0684244171514944,6.31469601855304e-05,0.6472044027829561,True
SORTIE_000827,52,19,0,6605.910680321115,11.407207862074994,0.307956106053523,0.10778463711873305,8.605910680321116e-05,0.9908866020481673,True
SORTIE_000828,52,19,51,8141.2127244679305,13.454277254270746,0.37130241821678517,0.1299558463758748,0.00010141212724467931,1.2211819086701896,True
SORTIE_000829,52,19,52,8655.266147178601,14.139681817884973,0.3925121786725653,0.13737926253539787,0.00010655266147178602,1.29828992207679,True
SORTIE_000830,52,19,53,8054.002674367366,13.337997187469993,0.36770414576055716,0.128696451016195,0.00010054002674367366,1.2081004011551049,True
SORTIE_000831,52,19,54,6664.529332041042,11.485366064368227,0.3103747020715486,0.10863114572504201,8.664529332041041e-05,0.9996793998061562,True
SORTIE_000832,52,19,55,7511.227823183428,12.61429738589141,0.34530934384614115,0.12085827034614939,9.511227823183428e-05,1.1266841734775142,True
SORTIE_000833,52,19,56,5543.801672529279,9.991062518352544,0.2641336614632255,0.09244678151212891,7.543801672529279e-05,0.8315702508793917,True
SORTIE_000834,52,20,0,3996.9742855841496,7.722472302117472,0.2000788043195363,0.0700275815118377,5.9969742855841505e-05,0.5995461428376224,True
SORTIE_000835,52,20,51,5029.980698673466,9.09981418623656,0.24285337882602806,0.08499868258910982,7.029980698673466e-05,0.7544971048010198,True
SORTIE_000836,52,20,52,4870.895718565086,8.887700879425388,0.2362660118471928,0.08269310414651747,6.870895718565087e-05,0.7306343577847629,True
SORTIE_000837,52,20,53,3061.6775804420813,6.475410028594714,0.1613501787342114,0.056472562556973985,5.061677580442082e-05,0.4592516370663122,True
SORTIE_000838,52,20,54,3216.8275676401845,6.682276678192186,0.16777460611723163,0.05872111214103107,5.216827567640185e-05,0.48252413514602766,True
SORTIE_000839,52,20,55,3129.6021636021223,6.565976139474769,0.16416278967871903,0.05745697638755166,5.1296021636021227e-05,0.4694403245403183,True
SORTIE_000840,52,20,56,4608.721535747494,8.538135302335267,0.2254099426355101,0.07889347992242852,6.608721535747496e-05,0.6913082303621242,True
SORTIE_000841,52,21,0,3360.202891124117,7.383116596841641,0.18074035809742284,0.06325912533409798,5.360202891124118e-05,0.5040304336686176,True
SORTIE_000842,52,21,51,3832.7598533113714,8.013192546424648,0.20100971451043498,0.07035340007865223,5.832759853311372e-05,0.5749139779967057,True
SORTIE_000843,52,21,52,3511.27105246487,7.584540811962646,0.1872201153539899,0.06552704037389646,5.511271052464871e-05,0.5266906578697305,True
SORTIE_000844,52,21,53,2545.022491258116,6.2962093970203075,0.14577487586368895,0.05102120655229113,4.545022491258117e-05,0.3817533736887174,True
SORTIE_000845,52,21,54,3149.274685936646,7.101878989925015,0.17169302770001854,0.06009255969500649,5.149274685936647e-05,0.4723912028904969,True
SORTIE_000846,52,21,55,3146.847517409455,7.098642765222093,0.17158891931121312,0.06005612175892459,5.146847517409456e-05,0.47202712761141824,True
SORTIE_000847,52,21,56,4254.800398186435,8.575913272924733,0.21911227337491473,0.07668929568122015,6.254800398186436e-05,0.6382200597279652,True
SORTIE_000848,52,22,0,4350.235040175775,8.6596520675472,0.21497121606168157,0.07523992562158854,6.350235040175776e-05,0.6525352560263663,True
SORTIE_000849,52,22,51,5832.746208269817,10.636333625005921,0.2758135477687678,0.09653474171906873,7.832746208269817e-05,0.8749119312404725,True
SORTIE_000850,52,22,52,6360.157116140824,11.33954816883393,0.29745851752901437,0.10411048113515502,8.360157116140825e-05,0.9540235674211236,True
SORTIE_000851,52,22,53,6166.193120288178,11.080929507697068,0.28949822554007065,0.10132437893902473,8.166193120288179e-05,0.9249289680432266,True
SORTIE_000852,52,22,54,4865.375993006091,9.346506671320954,0.23611262625982615,0.08263941919093915,6.865375993006092e-05,0.7298063989509137,True
SORTIE_000853,52,22,55,5844.213270597529,10.651623041442871,0.27628415657419453,0.09669945480096807,7.84421327059753e-05,0.8766319905896294,True
SORTIE_000854,52,22,56,3381.799736260965,7.368404995660786,0.1752265832617888,0.06132930414162608,5.381799736260966e-05,0.5072699604391447,True
SORTIE_000855,52,23,0,4191.778179777392,9.490962908079778,0.19391786539894307,0.06787125288963007,6.191778179777392e-05,0.6287667269666088,True
SORTIE_000856,52,23,51,5533.754871972688,11.280265164340172,0.24299934300099313,0.08504977005034758,7.533754871972688e-05,0.8300632307959032,True
SORTIE_000857,52,23,52,5515.158417181457,11.255469891285198,0.24231919595773843,0.08481171858520845,7.515158417181457e-05,0.8272737625772185,True
SORTIE_000858,52,23,53,3852.2566185986643,9.038267493174807,0.18150019823875835,0.06352506938356542,5.852256618598665e-05,0.5778384927897996,True
SORTIE_000859,52,23,54,3073.4969650903117,7.999921288497005,0.15301782986876583,0.05355624045406804,5.073496965090312e-05,0.4610245447635467,True
SORTIE_000860,52,23,55,3448.720877893228,8.500219838900893,0.1667412754241897,0.058359446398466394,5.448720877893229e-05,0.5173081316839842,True
SORTIE_000861,52,23,56,4556.708475230438,9.977536635350507,0.20726483202418872,0.07254269120846604,6.556708475230438e-05,0.6835062712845658,True
SORTIE_000862,52,24,0,6520.943047801846,13.593286466832007,0.288363135524342,0.1009270974335197,8.520943047801846e-05,0.9781414571702769,True
SORTIE_000863,52,24,51,8144.499443195787,15.75802832735726,0.3490555330690624,0.12216943657417183,0.00010144499443195788,1.221674916479368,True
SORTIE_000864,52,24,52,8586.38133770523,16.347204186703188,0.36557412871838313,0.1279509450514341,0.00010586381337705232,1.2879572006557845,True
SORTIE_000865,52,24,53,7736.480315564235,15.214002823848524,0.3338028081435106,0.1168309828502287,9.736480315564235e-05,1.160472047334635,True
SORTIE_000866,52,24,54,6357.842249097903,13.37581873522675,0.28226603994892213,0.09879311398212275,8.357842249097903e-05,0.9536763373646854,True
SORTIE_000867,52,24,55,7137.383721439783,14.415207365015922,0.311407153295028,0.1089925036532598,9.137383721439783e-05,1.0706075582159673,True
SORTIE_000868,52,24,56,5518.236541915288,12.256344458983262,0.2508795827210049,0.08780785395235172,7.518236541915289e-05,0.8277354812872932,True
SORTIE_000869,52,25,0,2376.087248689983,6.570261136252519,0.14061676712801024,0.04921586849480358,4.3760872486899834e-05,0.3564130873034974,True
SORTIE_000870,52,25,51,2982.1396350165796,7.378330984687981,0.16663530063994092,0.05832235522397932,4.9821396350165805e-05,0.4473209452524869,True
SORTIE_000871,52,25,52,2975.8089338231885,7.369890049763459,0.16636351627794438,0.05822723069728053,4.975808933823189e-05,0.44637134007347823,True
SORTIE_000872,52,25,53,2968.5197765235457,7.360171173363935,0.16605058428105213,0.05811770449836824,4.968519776523546e-05,0.44527796647853185,True
SORTIE_000873,52,25,54,2776.9914579188317,7.104800081890984,0.15782805090187485,0.05523981781565619,4.776991457918832e-05,0.4165487186878247,True
SORTIE_000874,52,25,55,3280.2623544552553,7.775827943939548,0.17943405556836894,0.06280191944892913,5.280262354455255e-05,0.4920393531682883,True
SORTIE_000875,52,25,56,3392.2863778621568,7.9251933084820845,0.1842433771268902,0.06448518199441157,5.392286377862157e-05,0.5088429566793234,True
SORTIE_000876,52,26,0,3708.406827715853,9.43282828160268,0.17840217426784322,0.06244076099374512,5.7084068277158535e-05,0.556261024157378,True
SORTIE_000877,52,26,51,4813.437069700335,10.906201937581988,0.21876324637607852,0.07656713623162748,6.813437069700336e-05,0.7220155604550502,True
SORTIE_000878,52,26,52,5442.015548472634,11.744306575945053,0.24172198573315934,0.08460269500660576,7.442015548472634e-05,0.8163023322708951,True
SORTIE_000879,52,26,53,5801.0004129283625,12.222953061886026,0.25483385674769604,0.08919184986169361,7.801000412928363e-05,0.8701500619392544,True
SORTIE_000880,52,26,54,4687.086808329133,10.737734922420387,0.21414832108594417,0.07495191238008045,6.687086808329133e-05,0.7030630212493699,True
SORTIE_000881,52,26,55,5659.897825538543,12.0348162786996,0.24968010485211745,0.0873880366982411,7.659897825538543e-05,0.8489846738307814,True
SORTIE_000882,52,26,56,3504.688124357956,9.161203343792149,0.17096137766008868,0.059836482181031034,5.504688124357956e-05,0.5257032186536934,True
SORTIE_000883,52,27,0,6668.448909160938,12.709312674314615,0.29386320045580544,0.10285212015953189,8.668448909160939e-05,1.0002673363741406,True
SORTIE_000884,52,27,51,8355.289077613532,14.958432898918076,0.3580111768260531,0.12530391188911857,0.00010355289077613534,1.2532933616420299,True
SORTIE_000885,52,27,52,8684.277237510329,15.397083778780473,0.3705220981936125,0.12968273436776437,0.0001068427723751033,1.3026415856265494,True
SORTIE_000886,52,27,53,7449.468282940294,13.750671839353757,0.32356418414761734,0.11324746445166606,9.449468282940296e-05,1.117420242441044,True
SORTIE_000887,52,27,54,6146.415326835255,12.013267897880372,0.2740110540996851,0.0959038689348898,8.146415326835256e-05,0.9219622990252883,True
SORTIE_000888,52,27,55,6757.4759301371505,12.828015368949568,0.2972487632048444,0.10403706712169553,8.757475930137152e-05,1.0136213895205726,True
SORTIE_000889,52,27,56,5852.3632974506945,11.621198525367626,0.2628287008540378,0.09199004529891323,7.852363297450695e-05,0.8778544946176042,True
SORTIE_000890,52,28,0,4057.392028544687,8.53240816828113,0.2023085735677236,0.07080800074870326,6.057392028544688e-05,0.6086088042817029,True
SORTIE_000891,52,28,51,5589.627665157061,10.575389017097628,0.2645506666946066,0.0925927333431123,7.589627665157061e-05,0.838444149773559,True
SORTIE_000892,52,28,52,6088.869647453482,11.241044993492856,0.28483074973956496,0.09969076240884774,8.088869647453483e-05,0.9133304471180222,True
SORTIE_000893,52,28,53,5859.046811801922,10.934614545957444,0.27549494394213886,0.09642323037974859,7.859046811801923e-05,0.8788570217702882,True
SORTIE_000894,52,28,54,4570.30992316879,9.216298694446602,0.2231441961056653,0.07810046863698285,6.570309923168791e-05,0.6855464884753185,True
SORTIE_000895,52,28,55,5552.720993943018,10.526180122145572,0.2630514531194763,0.0920680085918167,7.552720993943019e-05,0.8329081490914526,True
SORTIE_000896,52,28,56,3147.3598268708347,7.3190318993826615,0.16534147288712783,0.05786951551049474,5.147359826870835e-05,0.4721039740306252,True
SORTIE_000897,52,29,0,3289.938992706031,7.74827596983694,0.17321423503068786,0.06062498226074075,5.2899389927060316e-05,0.4934908489059046,True
SORTIE_000898,52,29,51,4462.875333645859,9.312191091090046,0.2212618329827201,0.07744164154395203,6.46287533364586e-05,0.6694313000468789,True
SORTIE_000899,52,29,52,4442.106114099253,9.284498798361238,0.22041105270102704,0.07714386844535946,6.442106114099254e-05,0.666315917114888,True
SORTIE_000900,52,29,53,3301.661404533461,7.763905852273513,0.17369442624896078,0.06079304918713627,5.3016614045334614e-05,0.4952492106800191,True
SORTIE_000901,52,29,54,2810.177333671511,7.1085937577909135,0.15356151006897303,0.05374652852414056,4.810177333671512e-05,0.4215266000507266,True
SORTIE_000902,52,29,55,3310.55541804128,7.775764536950606,0.17405875632407916,0.0609205647134277,5.31055541804128e-05,0.496583312706192,True
SORTIE_000903,52,29,56,3964.2150147590146,8.647310665907586,0.2008349524434834,0.07029223335521918,5.964215014759015e-05,0.5946322522138522,True
SORTIE_000904,52,30,0,4559.376060144041,10.528874370463786,0.21631334273564806,0.07570966995747681,6.559376060144041e-05,0.6839064090216062,True
SORTIE_000905,52,30,51,5036.697827627071,11.165303393774494,0.23447860375384938,0.08206751131384728,7.036697827627071e-05,0.7555046741440606,True
SORTIE_000906,52,30,52,5803.617263049838,12.187862641004848,0.26366497796394955,0.09228274228738234,7.803617263049838e-05,0.8705425894574756,True
SORTIE_000907,52,30,53,6676.333760505753,13.351484637612735,0.2968776325109491,0.10390717137883218,8.676333760505754e-05,1.001450064075863,True
SORTIE_000908,52,30,54,5655.175217172047,11.989939913167794,0.2580157729765786,0.09030552054180249,7.655175217172048e-05,0.8482762825758071,True
SORTIE_000909,52,30,55,6614.0401081936725,13.268426434529962,0.2945069456260979,0.10307743096913427,8.614040108193675e-05,0.9921060162290509,True
SORTIE_000910,52,30,56,4444.850480720146,10.376173597898593,0.21195488438486743,0.07418420953470359,6.444850480720147e-05,0.6667275721080219,True
SORTIE_000911,52,31,0,5993.653998893861,10.430058397769908,0.2557155998041074,0.08950045993143758,7.993653998893862e-05,0.8990480998340792,True
SORTIE_000912,52,31,51,6721.733678634306,11.400831304090502,0.2825569212054503,0.09889492242190759,8.721733678634306e-05,1.0082600517951459,True
SORTIE_000913,52,31,52,7478.32018366355,12.409613310796162,0.31044917271925204,0.1086572104517382,9.478320183663552e-05,1.1217480275495324,True
SORTIE_000914,52,31,53,8080.556250126043,13.212594732746153,0.33265115454789324,0.11642790409176262,0.00010080556250126044,1.2120834375189062,True
SORTIE_000915,52,31,54,6891.134513943185,11.626699084502341,0.2888020374924514,0.10108071312235799,8.891134513943186e-05,1.0336701770914778,True
SORTIE_000916,52,31,55,7876.656883537513,12.940728910628112,0.32513421844265267,0.11379697645492842,9.876656883537513e-05,1.1814985325306269,True
SORTIE_000917,52,31,56,5451.8129206483745,9.707603626775928,0.23574013429623603,0.0825090470036826,7.451812920648376e-05,0.8177719380972562,True
SORTIE_000918,52,32,0,3611.897316308521,9.578774505873712,0.1833709868148065,0.06417984538518227,5.611897316308521e-05,0.5417845974462782,True
SORTIE_000919,52,32,51,4976.840885548648,11.398699264860548,0.23602005795754138,0.08260702028513948,6.976840885548648e-05,0.7465261328322972,True
SORTIE_000920,52,32,52,5014.244968939653,11.448571376048555,0.23746282108113204,0.0831119873783962,7.014244968939653e-05,0.7521367453409479,True
SORTIE_000921,52,32,53,3732.2591430938764,9.73925694158752,0.18801362444767183,0.06580476855668514,5.732259143093876e-05,0.5598388714640814,True
SORTIE_000922,52,32,54,2787.004953608005,8.478918022273024,0.15155295589569984,0.05304353456349494,4.787004953608005e-05,0.41805074304120077,True
SORTIE_000923,52,32,55,3509.909418218137,9.4427906417532,0.17943707465662995,0.06280297612982048,5.509909418218138e-05,0.5264864127327206,True
SORTIE_000924,52,32,56,4084.815970883887,10.2093327119742,0.20161256723657162,0.07056439853280005,6.084815970883888e-05,0.612722395632583,True
SORTIE_000925,52,33,0,6740.106811290254,11.333279272716403,0.2931590750588889,0.10260567627061111,8.740106811290254e-05,1.011016021693538,True
SORTIE_000926,52,33,51,8345.834916976346,13.474250080297859,0.3548078593751056,0.12418275078128696,0.00010345834916976345,1.2518752375464517,True
SORTIE_000927,52,33,52,8805.468726105828,14.087095159137169,0.3724545988592833,0.13035910960074915,0.00010805468726105828,1.320820308915874,True
SORTIE_000928,52,33,53,7991.608238321747,13.00194784209173,0.34120802012828844,0.11942280704490095,9.991608238321747e-05,1.198741235748262,True
SORTIE_000929,52,33,54,6611.740980950743,11.162124832263723,0.2882307205260452,0.10088075218411581,8.611740980950743e-05,0.9917611471426114,True
SORTIE_000930,52,33,55,7392.939660699938,12.203723071929316,0.3182233131358592,0.11137815959755072,9.392939660699939e-05,1.1089409491049906,True
SORTIE_000931,52,33,56,5716.682347540037,9.968713321049448,0.25386669809528156,0.08885334433334854,7.716682347540036e-05,0.8575023521310056,True
SORTIE_000932,52,34,0,4972.065114766497,8.789565950903523,0.21655176043899343,0.0757931161536477,6.972065114766498e-05,0.7458097672149745,True
SORTIE_000933,52,34,51,6655.31133688348,11.0338942470595,0.2784746317164402,0.09746612110075407,8.655311336883481e-05,0.9982967005325221,True
SORTIE_000934,52,34,52,6913.340177486919,11.377932701197418,0.28796693680681523,0.10078842788238533,8.91334017748692e-05,1.0370010266230378,True
SORTIE_000935,52,34,53,5725.509013108207,9.794157815359135,0.24426927966984835,0.08549424788444691,7.725509013108207e-05,0.858826351966231,True
SORTIE_000936,52,34,54,4362.570716801299,7.976906753616592,0.19412982201215,0.0679454377042525,6.362570716801299e-05,0.6543856075201948,True
SORTIE_000937,52,34,55,5142.154694550653,9.016352057282397,0.22280897641620379,0.07798314174567132,7.142154694550655e-05,0.7713232041825979,True
SORTIE_000938,52,34,56,4509.197124138637,8.172408630066377,0.19952388024803025,0.06983335808681058,6.509197124138638e-05,0.6763795686207956,True
SORTIE_000939,52,35,0,4819.69078861412,9.380227675674973,0.23521847261041837,0.08232646541364642,6.819690788614121e-05,0.7229536182921179,True
SORTIE_000940,52,35,51,6498.064017757559,11.618058647866228,0.3043087094205249,0.10650804829718372,8.49806401775756e-05,0.9747096026636337,True
SORTIE_000941,52,35,52,6866.641939860253,12.109495877336485,0.3194812202058932,0.11181842707206262,8.866641939860254e-05,1.0299962909790379,True
SORTIE_000942,52,35,53,6039.519432279532,11.006665867228858,0.2854327207854837,0.0999014522749193,8.039519432279533e-05,0.9059279148419298,True
SORTIE_000943,52,35,54,4650.613035517855,9.154790671546621,0.22825838661887562,0.07989043531660646,6.650613035517856e-05,0.6975919553276783,True
SORTIE_000944,52,35,55,5542.384936094935,10.343819872316061,0.2649681784110823,0.09273886244387879,7.542384936094936e-05,0.8313577404142403,True
SORTIE_000945,52,35,56,4058.128776509277,8.364811659535185,0.20386877109691312,0.07135406988391958,6.0581287765092776e-05,0.6087193164763915,True
SORTIE_000946,52,36,0,2579.6537747765165,5.569963552407064,0.14322156676130401,0.0501275483664564,4.579653774776517e-05,0.3869480662164774,True
SORTIE_000947,52,36,51,3221.0988708730783,6.425223680535813,0.17049904166401544,0.059674664582405404,5.221098870873079e-05,0.4831648306309618,True
SORTIE_000948,52,36,52,3144.355474918365,6.322899152596196,0.16723552609605416,0.05853243413361895,5.144355474918366e-05,0.4716533212377547,True
SORTIE_000949,52,36,53,2871.3902311166094,5.9589454941938556,0.15562766965997657,0.0544696843809918,4.87139023111661e-05,0.43070853466749137,True
SORTIE_000950,52,36,54,2785.247628225434,5.844088690338954,0.15196445249187066,0.05318755837215473,4.785247628225435e-05,0.4177871442338151,True
SORTIE_000951,52,36,55,3208.404890394785,6.408298373231423,0.16995922970501962,0.059485730396756864,5.208404890394785e-05,0.4812607335592178,True
SORTIE_000952,52,36,56,3553.5592271479527,6.86850415556898,0.18463692981628402,0.0646229254356994,5.553559227147953e-05,0.5330338840721929,True
SORTIE_000953,52,37,0,4617.205003141601,9.869971292750453,0.21557275115858687,0.0754504629055054,6.617205003141601e-05,0.6925807504712401,True
SORTIE_000954,52,37,51,5986.0692868589185,11.695123671040209,0.2676679122747537,0.0936837692961638,7.986069286858919e-05,0.8979103930288378,True
SORTIE_000955,52,37,52,5958.172330316369,11.657927728983477,0.2666062318269388,0.09331218113942859,7.95817233031637e-05,0.8937258495474554,True
SORTIE_000956,52,37,53,4124.413682351227,9.212916198363287,0.19681848635776406,0.06888647022521742,6.124413682351228e-05,0.618662052352684,True
SORTIE_000957,52,37,54,3421.53235809728,8.275741099358024,0.1700687813153351,0.059524073460367276,5.42153235809728e-05,0.513229853714592,True
SORTIE_000958,52,37,55,3540.4438274745507,8.434289725194386,0.17459422056410168,0.06110797719743558,5.5404438274745516e-05,0.5310665741211826,True
SORTIE_000959,52,37,56,4882.636474935669,10.22387992180921,0.22567433350892951,0.07898601672812533,6.882636474935669e-05,0.7323954712403503,True
SORTIE_000960,52,38,0,3745.7027394682746,8.565529165443944,0.1769200541448571,0.06192201895069998,5.745702739468274e-05,0.5618554109202412,True
SORTIE_000961,52,38,51,5327.691404887801,10.67484738600331,0.2350498777822825,0.08226745722379887,7.3276914048878e-05,0.79915371073317,True
SORTIE_000962,52,38,52,5492.426626634868,10.894494348332735,0.24110303707245337,0.08438606297535868,7.492426626634868e-05,0.8238639939952301,True
SORTIE_000963,52,38,53,4398.0383299265,9.435309952721578,0.2008899811453748,0.07031149340088118,6.398038329926502e-05,0.659705749488975,True
SORTIE_000964,52,38,54,3051.157407125408,7.639468722320122,0.15139913951391618,0.05298969882987066,5.051157407125409e-05,0.45767361106881116,True
SORTIE_000965,52,38,55,4036.5689508901464,8.953350780673107,0.18760786875543503,0.06566275406440225,6.036568950890147e-05,0.6054853426335219,True
SORTIE_000966,52,38,56,3929.9767884548164,8.811227897426,0.18369116332072552,0.06429190716225393,5.9299767884548166e-05,0.5894965182682225,True
SORTIE_000967,52,39,0,3208.7416736583896,9.052847838598705,0.17961677171304097,0.06286587009956433,5.20874167365839e-05,0.4813112510487584,True
SORTIE_000968,52,39,51,4193.342320116537,10.365648700542902,0.2212006020601116,0.07742021072103905,6.193342320116537e-05,0.6290013480174805,True
SORTIE_000969,52,39,52,4104.207097793514,10.246801737445537,0.21743604637313074,0.07610261623059575,6.104207097793513e-05,0.615631064669027,True
SORTIE_000970,52,39,53,3015.17081556393,8.794753361139426,0.17144145946630152,0.06000451081320553,5.01517081556393e-05,0.4522756223345895,True
SORTIE_000971,52,39,54,2859.900408816531,8.587726152142894,0.16488373652011923,0.057709307782041724,4.859900408816531e-05,0.42898506132247965,True
SORTIE_000972,52,39,55,3197.07424219476,9.037291263313865,0.17912400696388614,0.06269340243736014,5.19707424219476e-05,0.479561136329214,True
SORTIE_000973,52,39,56,3979.7461213725546,10.080853768884259,0.21217953537353135,0.07426283738073597,5.979746121372555e-05,0.5969619182058832,True
SORTIE_000974,52,40,0,3947.33036137223,10.201819190256085,0.21174675645073274,0.07411136475775645,5.94733036137223e-05,0.5920995542058345,True
SORTIE_000975,52,40,51,5571.87371329461,12.367876992819259,0.280473103016972,0.09816558605594018,7.571873713294611e-05,0.8357810569941915,True
SORTIE_000976,52,40,52,5765.629039269833,12.62621742745289,0.28866992686058957,0.10103447440120635,7.765629039269834e-05,0.8648443558904749,True
SORTIE_000977,52,40,53,4668.124475187325,11.162878008676213,0.24223996921131677,0.08478398922396087,6.668124475187325e-05,0.7002186712780987,True
SORTIE_000978,52,40,54,3287.5604571428003,9.322125984616846,0.1838351743815995,0.06434231103355982,5.2875604571428006e-05,0.49313406857142,True
SORTIE_000979,52,40,55,4251.1733874656165,10.606943225047267,0.2246008431627423,0.0786102951069598,6.251173387465618e-05,0.6376760081198425,True
SORTIE_000980,52,40,56,3977.917041852972,10.242601430897075,0.21304072672277427,0.074564254352971,5.977917041852972e-05,0.5966875562779458,True
SORTIE_000981,52,41,0,4984.210496780146,10.98260305944125,0.2509687793227527,0.08783907276296343,6.984210496780147e-05,0.7476315745170219,True
SORTIE_000982,52,41,51,6277.08237936978,12.706432236227428,0.305083668018029,0.10677928380631015,8.27708237936978e-05,0.941562356905467,True
SORTIE_000983,52,41,52,6887.337853246293,13.52010620139611,0.3306267303192706,0.11571935561174469,8.887337853246294e-05,1.0331006779869438,True
SORTIE_000984,52,41,53,6896.718740090237,13.53261405052137,0.33101937993464176,0.11585678297712461,8.896718740090238e-05,1.0345078110135355,True
SORTIE_000985,52,41,54,5604.317167686606,11.809411953983195,0.2769241767037263,0.09692346184630421,7.604317167686607e-05,0.8406475751529908,True
SORTIE_000986,52,41,55,6582.225177014266,13.113289299753408,0.3178558295547323,0.1112495403441563,8.582225177014266e-05,0.9873337765521398,True
SORTIE_000987,52,41,56,4119.106516409483,9.8291310856137,0.21475869057534488,0.0751655417013707,6.119106516409484e-05,0.6178659774614225,True
SORTIE_000988,52,42,0,5495.947804620496,11.900646838528333,0.2639667794347122,0.09238837280214926,7.495947804620496e-05,0.8243921706930744,True
SORTIE_000989,52,42,51,6808.495627321817,13.650710602130093,0.3166688247148602,0.11083408865020106,8.808495627321817e-05,1.0212743440982723,True
SORTIE_000990,52,42,52,6706.170255247925,13.514276772698238,0.3125602076427237,0.10939607267495328,8.706170255247924e-05,1.0059255382871886,True
SORTIE_000991,52,42,53,4510.001737397687,10.586052082231255,0.22437860338515697,0.07853251118480493,6.510001737397687e-05,0.676500260609653,True
SORTIE_000992,52,42,54,4294.800433440614,10.29911701028849,0.21573773813870006,0.07550820834854502,6.294800433440615e-05,0.6442200650160922,True
SORTIE_000993,52,42,55,3680.6840980244933,9.480295229733663,0.19107944656516407,0.06687780629780742,5.6806840980244934e-05,0.5521026147036739,True
SORTIE_000994,52,42,56,5707.478299596789,12.182687498496724,0.2724602526107441,0.09536108841376043,7.70747829959679e-05,0.8561217449395183,True
SORTIE_000995,52,43,0,5637.4685970638975,10.316014748587733,0.25659792633241035,0.08980927421634362,7.637468597063897e-05,0.8456202895595846,True
SORTIE_000996,52,43,51,7237.967097327308,12.45001274893895,0.3191704178688292,0.11170964625409022,9.237967097327308e-05,1.0856950645990961,True
SORTIE_000997,52,43,52,7701.2436809648225,13.067714860455636,0.33728250613627114,0.1180488771476949,9.701243680964822e-05,1.1551865521447233,True
SORTIE_000998,52,43,53,7045.302105469829,12.193126093128978,0.3116380593128029,0.10907332075948102,9.04530210546983e-05,1.0567953158204744,True
SORTIE_000999,52,43,54,5656.5122374823695,10.341406269145697,0.25734244938489137,0.09006985728471198,7.656512237482369e-05,0.8484768356223553,True
SORTIE_001000,52,43,55,6532.384530498686,11.509235993167454,0.2915852253904468,0.10205482888665637,8.532384530498686e-05,0.9798576795748029,True
SORTIE_001001,52,43,56,4608.933939070729,8.944635204596844,0.2163867195292807,0.07573535183524824,6.60893393907073e-05,0.6913400908606093,True
SORTIE_001002,52,44,0,4169.7602650895515,8.257390175039356,0.2015185486173009,0.07053149201605531,6.169760265089551e-05,0.6254640397634327,True
SORTIE_001003,52,44,51,5538.801143128849,10.082778012425086,0.25593127123770276,0.08957594493319596,7.538801143128848e-05,0.8308201714693273,True
SORTIE_001004,52,44,52,6108.282173122159,10.842086052416168,0.2785653750250094,0.09749788125875328,8.10828217312216e-05,0.9162423259683239,True
SORTIE_001005,52,44,53,6113.012339075387,10.848392940353804,0.27875337613738665,0.09756368164808532,8.113012339075386e-05,0.9169518508613079,True
SORTIE_001006,52,44,54,4865.438996648129,9.184961817117461,0.2291683978368677,0.08020893924290369,6.86543899664813e-05,0.7298158494972194,True
SORTIE_001007,52,44,55,5850.809594711096,10.498789281201416,0.26833209111349804,0.09391623188972431,7.850809594711096e-05,0.8776214392066645,True
SORTIE_001008,52,44,56,3450.7795026940485,7.2987491585120186,0.172942556898441,0.06052989491445435,5.450779502694049e-05,0.5176169254041072,True
SORTIE_001009,52,45,0,6206.199670683902,11.41332513342599,0.27937656987978626,0.09778179945792519,8.206199670683902e-05,0.9309299506025852,True
SORTIE_001010,52,45,51,7861.470351538463,13.620352707898737,0.34387377342207937,0.12035582069772777,9.861470351538463e-05,1.1792205527307693,True
SORTIE_001011,52,45,52,8036.0325756726725,13.853102340077685,0.35067554634719816,0.12273644122151935,0.00010036032575672674,1.2054048863509008,True
SORTIE_001012,52,45,53,6412.342175780674,11.688181806888352,0.28740886046749886,0.10059310116362459,8.412342175780673e-05,0.9618513263671009,True
SORTIE_001013,52,45,54,5284.852395936335,10.184862100429232,0.24347650628302636,0.08521677719905922,7.284852395936336e-05,0.7927278593904501,True
SORTIE_001014,52,45,55,5655.785198354704,10.679439170320393,0.2579298091384479,0.09027543319845675,7.655785198354705e-05,0.8483677797532055,True
SORTIE_001015,52,45,56,5759.0287883078045,10.817097290257859,0.2619526695157031,0.09168343433049608,7.759028788307805e-05,0.8638543182461706,True
SORTIE_001016,52,46,0,7408.4869506271225,14.627026659450696,0.3290609396519523,0.11517132887818331,9.408486950627124e-05,1.1112730425940684,True
SORTIE_001017,52,46,51,9095.119392404471,16.875869915153828,0.3939594109851347,0.13788579384479713,0.00011095119392404474,1.3642679088606704,True
SORTIE_001018,52,46,52,9334.98229068375,17.195687112859535,0.4031888880438517,0.14111611081534808,0.00011334982290683752,1.4002473436025626,True
SORTIE_001019,52,46,53,7762.342086344686,15.098833507074115,0.34267662544847705,0.11993681890696696,9.762342086344687e-05,1.164351312951703,True
SORTIE_001020,52,46,54,6625.379009504178,13.582882737953437,0.2989284063216916,0.10462494221259205,8.625379009504179e-05,0.9938068514256266,True
SORTIE_001021,52,46,55,6983.376097166587,14.06021218816998,0.3127034667056473,0.10944621334697655,8.983376097166588e-05,1.047506414574988,True
SORTIE_001022,52,46,56,6730.446279803928,13.722972431686436,0.3029711989661984,0.10603991963816943,8.730446279803929e-05,1.009566941970589,True
SORTIE_001023,52,47,0,5639.422149410246,12.064910998867868,0.26142006427138986,0.09149702249498645,7.639422149410247e-05,0.8459133224115368,True
SORTIE_001024,52,47,51,6605.62678841176,13.353183850869886,0.2988107619678506,0.1045837666887477,8.60562678841176e-05,0.9908440182617639,True
SORTIE_001025,52,47,52,7313.072779418223,14.296445172211838,0.3261878807670642,0.11416575826847246,9.313072779418224e-05,1.0969609169127335,True
SORTIE_001026,52,47,53,7674.422508415022,14.778244810874236,0.34017158352963817,0.11906005423537334,9.674422508415023e-05,1.1511633762622533,True
SORTIE_001027,52,47,54,6434.616236631255,13.125169781829213,0.2921929052670821,0.10226751684347872,8.434616236631257e-05,0.9651924354946881,True
SORTIE_001028,52,47,55,7418.914011336429,14.437566814769447,0.3302837806900498,0.11559932324151743,9.41891401133643e-05,1.1128371017004643,True
SORTIE_001029,52,47,56,4966.690319644244,11.16793522584653,0.23538633242803855,0.0823852163498135,6.966690319644245e-05,0.7450035479466365,True
SORTIE_001030,52,48,0,6751.936363490744,12.901334705790521,0.3243839122175492,0.11353436927614222,8.751936363490745e-05,1.0127904545236115,True
SORTIE_001031,52,48,51,8355.268097747872,15.039110351466691,0.39177313595618124,0.1371205975846634,0.00010355268097747873,1.253290214662181,True
SORTIE_001032,52,48,52,8817.139838001855,15.654939338472001,0.41118594827536614,0.14391508189637814,0.00010817139838001854,1.322570975700278,True
SORTIE_001033,52,48,53,8009.802992705461,14.578490211410145,0.3772529809812785,0.13203854334344747,0.00010009802992705461,1.2014704489058192,True
SORTIE_001034,52,48,54,6629.486767776174,12.738068578171095,0.3192372647546413,0.11173304266412445,8.629486767776175e-05,0.9944230151664261,True
SORTIE_001035,52,48,55,7412.258635177518,13.781764401372888,0.35213774778104184,0.12324821172336464,9.412258635177518e-05,1.1118387952766278,True
SORTIE_001036,52,48,56,5726.2409168616605,11.533740776951742,0.2812731707136338,0.09844560974977182,7.726240916861661e-05,0.858936137529249,True
SORTIE_001037,52,49,0,3892.031129231592,9.27376922543095,0.20302910010044967,0.07106018503515737,5.8920311292315924e-05,0.5838046693847387,True
SORTIE_001038,52,49,51,5384.548982462071,11.263793029738256,0.2650346381127949,0.0927621233394782,7.38454898246207e-05,0.8076823473693105,True
SORTIE_001039,52,49,52,5476.125616470677,11.385895208416398,0.2688391208858304,0.09409369231004064,7.476125616470678e-05,0.8214188424706016,True
SORTIE_001040,52,49,53,4166.298167637744,9.639458609972486,0.21442331909663598,0.07504816168382258,6.166298167637746e-05,0.6249447251456616,True
SORTIE_001041,52,49,54,2808.402388358837,7.828930904267278,0.1580105544676293,0.05530369406367025,4.8084023883588374e-05,0.4212603582538256,True
SORTIE_001042,52,49,55,3789.41412720296,9.136946556059442,0.1987659534947141,0.06956808372314993,5.789414127202961e-05,0.568412119080444,True
SORTIE_001043,52,49,56,4164.104941531883,9.636534308498005,0.21433220315830243,0.07501627110540585,6.164104941531884e-05,0.6246157412297824,True
SORTIE_001044,52,50,0,5329.597076696764,9.39141668028549,0.23306686683906108,0.08157340339367138,7.329597076696765e-05,0.7994395615045146,True
SORTIE_001045,52,50,51,6877.12971139456,11.454793526549217,0.29082808890508305,0.10178983111677906,8.877129711394561e-05,1.031569456709184,True
SORTIE_001046,52,50,52,7378.020116202383,12.122647399626317,0.30952368294565347,0.1083332890309787,9.378020116202383e-05,1.1067030174303574,True
SORTIE_001047,52,50,53,6904.44277636057,11.491210946503898,0.29184754140348773,0.1021466394912207,8.904442776360572e-05,1.0356664164540854,True
SORTIE_001048,52,50,54,5528.996919946617,9.65728313795196,0.24050941012871124,0.08417829354504892,7.528996919946617e-05,0.8293495379919925,True
SORTIE_001049,52,50,55,6451.929363546478,10.887859729418441,0.2749576050368065,0.09623516176288227,8.451929363546479e-05,0.9677894045319717,True
SORTIE_001050,52,50,56,4266.23531069696,7.973600992285752,0.19337718681210236,0.06768201538423582,6.266235310696961e-05,0.6399352966045441,True
SORTIE_001051,53,1,0,2136.9250269967692,6.309208361843507,0.12833249642910233,0.04491637375018581,4.136925026996769e-05,0.32053875404951543,True
SORTIE_001052,53,1,51,2888.460460724364,7.311255606813633,0.15980615902632467,0.05593215565921363,4.8884604607243646e-05,0.43326906910865465,True
SORTIE_001053,53,1,52,2605.06063794951,6.933389176447161,0.14793761630454338,0.05177816570659018,4.60506063794951e-05,0.39075909569242645,True
SORTIE_001054,53,1,53,751.095865703163,4.461436146785365,0.07029515383354847,0.02460330384174196,2.751095865703163e-05,0.11266437985547445,True
SORTIE_001055,53,1,54,1554.631462855698,5.532816942988745,0.10394653889758693,0.03638128861415542,3.554631462855698e-05,0.23319471942835468,True
SORTIE_001056,53,1,55,1309.4761180968396,5.2059431499769335,0.09367964227692437,0.03278787479692353,3.30947611809684e-05,0.19642141771452595,True
SORTIE_001057,53,1,56,2877.171905687757,7.296204200098157,0.15933340397514884,0.05576669139130209,4.877171905687757e-05,0.43157578585316353,True
SORTIE_001058,53,2,0,5702.541906924203,11.023857412403133,0.2836903608511435,0.09929162629790023,7.702541906924205e-05,0.8553812860386305,True
SORTIE_001059,53,2,51,7272.668217315175,13.117359159591095,0.35115050049013335,0.12290267517154667,9.272668217315177e-05,1.0909002325972763,True
SORTIE_001060,53,2,52,7761.622651417199,13.76929840506046,0.37215832271649435,0.130255412950773,9.7616226514172e-05,1.16424339771258,True
SORTIE_001061,53,2,53,7096.739526969991,12.882787572464183,0.34359176210160486,0.12025711673556169,9.096739526969992e-05,1.0645109290454986,True
SORTIE_001062,53,2,54,5707.592155230723,11.030591076811824,0.2839073436847631,0.09936757028966708,7.707592155230723e-05,0.8561388232846083,True
SORTIE_001063,53,2,55,6547.772649144415,12.150831735363415,0.32000551812224504,0.11200193134278576,8.547772649144416e-05,0.9821658973716622,True
SORTIE_001064,53,2,56,4652.217059352995,9.62342428230819,0.23856337940096262,0.08349718279033691,6.652217059352995e-05,0.6978325589029494,True
SORTIE_001065,53,3,0,2131.413788031127,6.158619431623309,0.12079737453633059,0.042279081087715706,4.1314137880311265e-05,0.319712068204669,True
SORTIE_001066,53,3,51,2958.289962878768,7.261120998086831,0.15281483283032948,0.053485191490615314,4.958289962878769e-05,0.4437434944318152,True
SORTIE_001067,53,3,52,2674.392132823112,6.882590558012623,0.14182202978428865,0.049637710424501026,4.674392132823113e-05,0.4011588199234668,True
SORTIE_001068,53,3,53,432.2889752542797,3.8931196812541797,0.05500559157752745,0.019251957052134606,2.43228897525428e-05,0.06484334628814195,True
SORTIE_001069,53,3,54,1398.0272444712807,5.180770706876848,0.09239992666436357,0.03233997433252725,3.398027244471281e-05,0.2097040866706921,True
SORTIE_001070,53,3,55,960.835775483818,4.597848748226898,0.07547144323408769,0.02641500513193069,2.9608357754838183e-05,0.1441253663225727,True
SORTIE_001071,53,3,56,2798.0558417135544,7.04747550319988,0.146610410151652,0.05131364355307819,4.798055841713555e-05,0.41970837625703317,True
SORTIE_001072,53,4,0,4117.086114655621,7.910195419869993,0.20835832869571658,0.0729254150435008,6.11708611465562e-05,0.6175629171983431,True
SORTIE_001073,53,4,51,5115.570735327089,9.241508247431952,0.25047844733760977,0.08766745656816341,7.115570735327089e-05,0.7673356102990633,True
SORTIE_001074,53,4,52,5764.500376574073,10.106747769094596,0.27785292353252905,0.09724852323638516,7.764500376574074e-05,0.864675056486111,True
SORTIE_001075,53,4,53,6227.664129400164,10.724299439529384,0.297391043415177,0.10408686519531195,8.227664129400165e-05,0.9341496194100246,True
SORTIE_001076,53,4,54,5151.549644245272,9.28948012598953,0.2519961831953946,0.0881986641183881,7.151549644245273e-05,0.7727324466367909,True
SORTIE_001077,53,4,55,6116.900339272774,10.576614386026197,0.29271857887761205,0.10245150260716421,8.116900339272774e-05,0.917535050890916,True
SORTIE_001078,53,4,56,4017.1457717072194,7.776941629272124,0.2041424409244384,0.07144985432355343,6.01714577170722e-05,0.6025718657560829,True
SORTIE_001079,53,5,0,4135.372966180464,8.357531973090977,0.1900453896677587,0.06651588638371554,6.135372966180464e-05,0.6203059449270696,True
SORTIE_001080,53,5,51,5475.382145397098,10.144210878713155,0.23984017121957635,0.08394405992685172,7.475382145397099e-05,0.8213073218095647,True
SORTIE_001081,53,5,52,6052.6041492795275,10.913840217223063,0.26128975830899537,0.09145141540814837,8.052604149279529e-05,0.9078906223919292,True
SORTIE_001082,53,5,53,6108.108413406352,10.987845902725494,0.263352298439508,0.0921733044538278,8.108108413406353e-05,0.9162162620109529,True
SORTIE_001083,53,5,54,4879.108273960863,9.349179050131507,0.2176826161567212,0.0761889156548524,6.879108273960863e-05,0.7318662410941293,True
SORTIE_001084,53,5,55,5864.708654578472,10.66331289095499,0.25430755605372474,0.08900764461880366,7.864708654578473e-05,0.8797062981867708,True
SORTIE_001085,53,5,56,3499.8133999197516,7.510119218076694,0.16642797699927142,0.05824979194974499,5.4998133999197525e-05,0.5249720099879627,True
SORTIE_001086,53,6,0,2635.244977611678,5.836882808016594,0.14362647087888758,0.05026926480761065,4.635244977611679e-05,0.39528674664175173,True
SORTIE_001087,53,6,51,3850.136129471252,7.4567376771626925,0.19403104407700295,0.06791086542695103,5.850136129471252e-05,0.5775204194206878,True
SORTIE_001088,53,6,52,3730.3175933097436,7.296979628947348,0.18905989734735595,0.06617096407157458,5.730317593309744e-05,0.5595476389964615,True
SORTIE_001089,53,6,53,1661.9479728687504,4.539153468359357,0.10324538814239738,0.03613588584983908,3.661947972868751e-05,0.24929219593031257,True
SORTIE_001090,53,6,54,1542.2184512906433,4.379514106255215,0.09827793453544527,0.03439727708740584,3.542218451290644e-05,0.2313327676935965,True
SORTIE_001091,53,6,55,1130.5700160808638,3.8306495259755082,0.08119906812616935,0.02841967384415927,3.1305700160808643e-05,0.16958550241212958,True
SORTIE_001092,53,6,56,3027.878533599797,6.360394216000753,0.15991642968099679,0.055970750388348874,5.027878533599797e-05,0.45418178003996945,True
SORTIE_001093,53,7,0,5371.024407906885,10.825923285383631,0.24381891282947488,0.0853366194903162,7.371024407906886e-05,0.8056536611860328,True
SORTIE_001094,53,7,51,7061.903707571457,13.080429018269726,0.30809176783914655,0.10783211874370129,9.061903707571456e-05,1.0592855561357184,True
SORTIE_001095,53,7,52,7359.4890608673795,13.477209489330956,0.319403432881817,0.11179120150863595,9.359489060867379e-05,1.103923359130107,True
SORTIE_001096,53,7,53,6025.1168751241385,11.698046575006636,0.2686819472972294,0.09403868155403028,8.025116875124138e-05,0.9037675312686206,True
SORTIE_001097,53,7,54,4757.11389375002,10.007375933174476,0.2204832545875503,0.0771691391056426,6.75711389375002e-05,0.713567084062503,True
SORTIE_001098,53,7,55,5310.460136736672,10.745170923823348,0.24151677416087697,0.08453087095630693,7.310460136736672e-05,0.7965690205105008,True
SORTIE_001099,53,7,56,4615.808729268046,9.818969047198511,0.21511203361946024,0.07528921176681108,6.615808729268046e-05,0.6923713093902067,True
SORTIE_001100,53,8,0,4291.50186901761,8.673419170491627,0.21794364438092437,0.07628027553332352,6.29150186901761e-05,0.6437252803526415,True
SORTIE_001101,53,8,51,5668.503504535939,10.509421351182732,0.27606485674779924,0.09662269986172972,7.66850350453594e-05,0.8502755256803909,True
SORTIE_001102,53,8,52,6238.18614906087,11.268998210549306,0.3001103227153781,0.10503861295038232,8.238186149060872e-05,0.9357279223591305,True
SORTIE_001103,53,8,53,6211.170687277477,11.232977594838115,0.29897003983480563,0.10463951394218196,8.211170687277478e-05,0.9316756030916215,True
SORTIE_001104,53,8,54,4946.377004298315,9.546586017532567,0.2455849599971607,0.08595473599900624,6.946377004298316e-05,0.7419565506447473,True
SORTIE_001105,53,8,55,5930.503233081188,10.858754322576397,0.28712347967899854,0.10049321788764948,7.930503233081188e-05,0.8895754849621782,True
SORTIE_001106,53,8,56,3495.970407165276,7.612710554688514,0.18436543223781002,0.0645279012832335,5.4959704071652766e-05,0.5243955610747913,True
SORTIE_001107,53,9,0,2415.564860191421,5.988648418624702,0.12891725834687787,0.04512104042140725,4.4155648601914215e-05,0.36233472902871317,True
SORTIE_001108,53,9,51,2881.599535011734,6.6100279850517865,0.14682996511101665,0.051390487788855826,4.881599535011735e-05,0.4322399302517601,True
SORTIE_001109,53,9,52,2709.0111335859065,6.379910116484017,0.14019628398670053,0.04906869939534518,4.709011133585907e-05,0.40635167003788597,True
SORTIE_001110,53,9,53,2445.513968221691,6.028580562665063,0.13006839498751643,0.04552393824563075,4.445513968221692e-05,0.36682709523325363,True
SORTIE_001111,53,9,54,2565.775084260559,6.188928717383554,0.13469080233856365,0.04714178081849727,4.56577508426056e-05,0.3848662626390839,True
SORTIE_001112,53,9,55,2879.1594546235747,6.606774544534241,0.1467361771445078,0.051357662000577724,4.879159454623575e-05,0.4318739181935362,True
SORTIE_001113,53,9,56,3395.297298515741,7.294958336390462,0.16657467060227454,0.058301134710796086,5.395297298515742e-05,0.5092945947773612,True
SORTIE_001114,53,10,0,5265.1156698022,10.325445406412047,0.23593812949889773,0.0825783453246142,7.265115669802201e-05,0.7897673504703299,True
SORTIE_001115,53,10,51,6904.249225153049,12.510956813546514,0.297491290294571,0.10412195160309984,8.90424922515305e-05,1.0356373837729573,True
SORTIE_001116,53,10,52,7328.97394597842,13.077256441313674,0.3134406611981918,0.10970423141936712,9.328973945978421e-05,1.0993460918967628,True
SORTIE_001117,53,10,53,6471.233503443186,11.933602517933362,0.2812305736138264,0.09843070076483924,8.471233503443188e-05,0.970685025516478,True
SORTIE_001118,53,10,54,5089.472322245202,10.091254276336048,0.2293423257710239,0.08026981401985836,7.089472322245203e-05,0.7634208483367803,True
SORTIE_001119,53,10,55,5886.846855312764,11.154420320426132,0.25928553734646925,0.09074993807126423,7.886846855312766e-05,0.8830270282969146,True
SORTIE_001120,53,10,56,4289.941892081795,9.025213702784841,0.19931815539867861,0.06976135438953751,6.289941892081797e-05,0.6434912838122692,True
SORTIE_001121,53,11,0,5683.27819424904,12.250081731634294,0.2860343859065064,0.10011203506727724,7.683278194249041e-05,0.852491729137356,True
SORTIE_001122,53,11,51,7314.244379511738,14.424703311984558,0.3555816233360734,0.12445356816762568,9.314244379511738e-05,1.0971366569267607,True
SORTIE_001123,53,11,52,7747.985200809632,15.003024407048418,0.37407708703990317,0.13092698046396611,9.747985200809634e-05,1.1621977801214447,True
SORTIE_001124,53,11,53,6864.70707661622,13.8253202414572,0.33641257015739806,0.11774439955508931,8.864707076616221e-05,1.029706061492433,True
SORTIE_001125,53,11,54,5489.85092341081,11.992178703849987,0.27778631034743356,0.09722520862160174,7.48985092341081e-05,0.8234776385116215,True
SORTIE_001126,53,11,55,6256.051210601275,13.013779086770606,0.3104584244435665,0.10866044855524828,8.256051210601276e-05,0.9384076815901912,True
SORTIE_001127,53,11,56,4691.003612180548,10.927048955542972,0.24372207031222182,0.08530272460927762,6.691003612180549e-05,0.7036505418270822,True
SORTIE_001128,53,12,0,3099.7993546133457,8.449103102484091,0.16635534336788926,0.05822437017876124,5.099799354613347e-05,0.4649699031920018,True
SORTIE_001129,53,12,51,3140.1229787539023,8.5028679346715,0.16796957903315035,0.058789352661602616,5.140122978753903e-05,0.4710184468130853,True
SORTIE_001130,53,12,52,2613.8321879121277,7.801146880215801,0.14690110160875122,0.051415385563062924,4.613832187912128e-05,0.3920748281868191,True
SORTIE_001131,53,12,53,2148.469816008493,7.180663717677621,0.12827171117055863,0.04489509890969552,4.148469816008494e-05,0.322270472401274,True
SORTIE_001132,53,12,54,3017.4858002391948,8.339351696651889,0.1630601664576491,0.05707105826017718,5.017485800239195e-05,0.4526228700358792,True
SORTIE_001133,53,12,55,2906.5387277394207,8.191422266652191,0.15861873230576895,0.05551655630701913,4.9065387277394214e-05,0.4359808091609131,True
SORTIE_001134,53,12,56,4064.730259404757,9.735677642205975,0.20498346557232067,0.07174421295031223,6.0647302594047574e-05,0.6097095389107136,True
SORTIE_001135,53,13,0,3241.57748871448,8.56247215233305,0.16843357930220376,0.05895175275577131,5.2415774887144805e-05,0.486236623307172,True
SORTIE_001136,53,13,51,3004.854390597451,8.24684135484368,0.15919768462424344,0.0557191896184852,5.0048543905974505e-05,0.4507281585896177,True
SORTIE_001137,53,13,52,2523.8691832705044,7.605527745074417,0.1404317561962011,0.049151114668670386,4.5238691832705046e-05,0.37858037749057566,True
SORTIE_001138,53,13,53,3043.1612171210395,8.297917123541797,0.16069224860229617,0.05624228701080365,5.0431612171210397e-05,0.45647418256815586,True
SORTIE_001139,53,13,54,3519.67108260884,8.933263610858866,0.17928356886492075,0.06274924910272225,5.51967108260884e-05,0.5279506623913259,True
SORTIE_001140,53,13,55,3681.679282165963,9.149274543601695,0.18560441664013805,0.06496154582404831,5.6816792821659634e-05,0.5522518923248945,True
SORTIE_001141,53,13,56,4282.843423200768,9.950826731648101,0.20905919876714057,0.0731707195684992,6.282843423200768e-05,0.6424265134801151,True
SORTIE_001142,53,14,0,2386.6674054057003,5.550497004442059,0.13699881862504612,0.04794958651876614,4.3866674054057006e-05,0.35800011081085503,True
SORTIE_001143,53,14,51,3718.2162524554606,7.325895467175072,0.19419908395111754,0.06796967938289114,5.7182162524554615e-05,0.557732437868319,True
SORTIE_001144,53,14,52,3716.777961790443,7.323977746288382,0.19413729830364593,0.06794805440627608,5.716777961790443e-05,0.5575166942685664,True
SORTIE_001145,53,14,53,2233.314838258364,5.346026914912278,0.1304111462698809,0.04564390119445831,4.233314838258364e-05,0.3349972257387546,True
SORTIE_001146,53,14,54,1401.9604346634721,4.237554376785755,0.09469807981273379,0.033144327934456826,3.401960434663472e-05,0.21029406519952082,True
SORTIE_001147,53,14,55,1954.398200277512,4.974138064271141,0.11842953122683594,0.041450335929392575,3.954398200277512e-05,0.29315973004162676,True
SORTIE_001148,53,14,56,2825.6550627583147,6.135813880912211,0.1558567152249909,0.05454985032874681,4.825655062758314e-05,0.4238482594137472,True
SORTIE_001149,53,15,0,3671.4596091387166,8.693427853414153,0.1777731635113082,0.062220607228957864,5.671459609138717e-05,0.5507189413708075,True
SORTIE_001150,53,15,51,5233.8963485558215,10.776676839303626,0.23632234016118472,0.08271281905641464,7.233896348555822e-05,0.7850844522833732,True
SORTIE_001151,53,15,52,5715.236915013789,11.418464261247584,0.25435961049880684,0.08902586367458239,7.71523691501379e-05,0.8572855372520684,True
SORTIE_001152,53,15,53,5452.807415020289,11.06855826125625,0.24452559241306318,0.08558395734457211,7.45280741502029e-05,0.8179211122530433,True
SORTIE_001153,53,15,54,4167.228687024615,9.354453290595352,0.19635111331650604,0.06872288966077711,6.167228687024615e-05,0.6250843030536923,True
SORTIE_001154,53,15,55,5150.596974401076,10.665611007097299,0.23320086352845407,0.08162030223495892,7.150596974401076e-05,0.7725895461601614,True
SORTIE_001155,53,15,56,2850.06649319801,7.598237032159878,0.14699310731386728,0.05144758755985354,4.85006649319801e-05,0.4275099739797015,True
SORTIE_001156,53,16,0,2408.721013891962,7.543842533246148,0.1333183971147063,0.04666143899014721,4.408721013891962e-05,0.36130815208379424,True
SORTIE_001157,53,16,51,2873.756792914496,8.163890238609527,0.1508851435057098,0.05280980022699843,4.873756792914497e-05,0.4310635189371744,True
SORTIE_001158,53,16,52,2531.467454951917,7.707504454659421,0.13795514916210952,0.04828430220673833,4.531467454951917e-05,0.3797201182427875,True
SORTIE_001159,53,16,53,1461.9431733675124,6.281472079213549,0.09755382379935063,0.03414383832977272,3.4619431733675125e-05,0.21929147600512686,True
SORTIE_001160,53,16,54,2156.1918358902167,7.207136962577155,0.12377909664279514,0.043322683824978295,4.1561918358902166e-05,0.3234287753835325,True
SORTIE_001161,53,16,55,2098.9990279129197,7.1308798852740924,0.12161863588160743,0.042566522558562594,4.0989990279129196e-05,0.31484985418693795,True
SORTIE_001162,53,16,56,3292.887592082846,8.722731304167327,0.16671782732441498,0.05835123956354524,5.292887592082846e-05,0.49393313881242684,True
SORTIE_001163,53,17,0,4873.271036322767,8.539503578221627,0.22763603381054365,0.07967261183369027,6.873271036322768e-05,0.730990655448415,True
SORTIE_001164,53,17,51,6331.27184709965,10.48350465925747,0.285817830711129,0.10003624074889514,8.33127184709965e-05,0.9496907770649474,True
SORTIE_001165,53,17,52,6879.23201508202,11.214118216567297,0.3076842843972371,0.10768949953903298,8.879232015082021e-05,1.0318848022623028,True
SORTIE_001166,53,17,53,6612.612122766054,10.858625026812678,0.29704476738893193,0.10396566858612617,8.612612122766057e-05,0.9918918184149081,True
SORTIE_001167,53,17,54,5265.9957741105445,9.063136561938665,0.24330778842337475,0.08515772594818116,7.265995774110545e-05,0.7898993661165817,True
SORTIE_001168,53,17,55,6220.911586877233,10.336357645627583,0.2814138837457394,0.09849485931100878,8.220911586877235e-05,0.9331367380315849,True
SORTIE_001169,53,17,56,3836.7880226488824,7.157526226656447,0.18627498397659475,0.06519624439180816,5.8367880226488844e-05,0.5755182033973323,True
SORTIE_001170,53,18,0,5250.6030032495955,9.366301518218386,0.23042896230206217,0.08065013680572175,7.250603003249595e-05,0.7875904504874393,True
SORTIE_001171,53,18,51,5943.021758869118,10.289526525711082,0.25627193823863204,0.0896951783835212,7.943021758869118e-05,0.8914532638303676,True
SORTIE_001172,53,18,52,6679.476874431204,11.271466679793864,0.28375847247152736,0.09931546536503456,8.679476874431203e-05,1.0019215311646805,True
SORTIE_001173,53,18,53,7367.075330120728,12.18826462071323,0.3094215415322551,0.10829753953628928,9.367075330120728e-05,1.105061299518109,True
SORTIE_001174,53,18,54,6281.784919806104,10.741210740293731,0.268915512874992,0.09412042950624719,8.281784919806105e-05,0.9422677379709156,True
SORTIE_001175,53,18,55,7253.732783048006,12.037141224616267,0.3051912853573352,0.10681694987506732,9.253732783048006e-05,1.088059917457201,True
SORTIE_001176,53,18,56,5002.294474242564,9.035223479542346,0.22116140377928317,0.0774064913227491,7.002294474242565e-05,0.7503441711363846,True
SORTIE_001177,53,19,0,6004.64720750988,10.605523231660014,0.2831480731415148,0.09910182559953018,8.00464720750988e-05,0.900697081126482,True
SORTIE_001178,53,19,51,7539.949251656695,12.652592623855767,0.34649438530477705,0.12127303485667196,9.539949251656696e-05,1.1309923877485042,True
SORTIE_001179,53,19,52,8054.002674367366,13.337997187469993,0.36770414576055716,0.128696451016195,0.00010054002674367366,1.2081004011551049,True
SORTIE_001180,53,19,53,7452.739201556131,12.536312557055014,0.34289611284854904,0.12001363949699216,9.452739201556131e-05,1.1179108802334197,True
SORTIE_001181,53,19,54,6063.265859229807,10.683681433953248,0.28556666915954043,0.09994833420583915,8.063265859229807e-05,0.909489878884471,True
SORTIE_001182,53,19,55,6909.964350372193,11.81261275547643,0.320501310934133,0.11217545882694653,8.909964350372193e-05,1.036494652555829,True
SORTIE_001183,53,19,56,4942.538199718044,9.189377887937564,0.23932562855121728,0.08376396999292604,6.942538199718044e-05,0.7413807299577065,True
SORTIE_001184,53,20,0,2187.756147461145,5.3101814512868,0.12516297120655495,0.04380703992229423,4.187756147461145e-05,0.3281634221191717,True
SORTIE_001185,53,20,51,3220.762560550461,6.687523335405888,0.16793754571304667,0.05877814099956633,5.220762560550461e-05,0.4831143840825691,True
SORTIE_001186,53,20,52,3061.6775804420813,6.475410028594714,0.1613501787342114,0.056472562556973985,5.061677580442082e-05,0.4592516370663122,True
SORTIE_001187,53,20,53,1252.459442319076,4.063119177764041,0.08643434562123001,0.0302520209674305,3.252459442319076e-05,0.1878689163478614,True
SORTIE_001188,53,20,54,1407.6094295171797,4.269985827361513,0.09285877300425024,0.032500570551487584,3.40760942951718e-05,0.21114141442757695,True
SORTIE_001189,53,20,55,1320.384025479117,4.153685288644096,0.08924695656573761,0.031236434798008163,3.3203840254791175e-05,0.19805760382186754,True
SORTIE_001190,53,20,56,2799.5033976244895,6.125844451504592,0.15049410952252876,0.05267293833288506,4.799503397624489e-05,0.4199255096436734,True
SORTIE_001191,53,21,0,2393.954329917363,6.094785181899303,0.13929511860712188,0.04875329151249266,4.3939543299173635e-05,0.3590931494876044,True
SORTIE_001192,53,21,51,2866.5112921046175,6.724861131482309,0.159564475020134,0.05584756625704689,4.866511292104618e-05,0.4299766938156926,True
SORTIE_001193,53,21,52,2545.022491258116,6.2962093970203075,0.14577487586368895,0.05102120655229113,4.545022491258117e-05,0.3817533736887174,True
SORTIE_001194,53,21,53,1578.7739300513624,5.00787798207797,0.10432963637338795,0.03651537273068578,3.5787739300513625e-05,0.23681608950770433,True
SORTIE_001195,53,21,54,2183.026124729892,5.8135475749826755,0.13024778820971752,0.04558672587340113,4.1830261247298924e-05,0.3274539187094838,True
SORTIE_001196,53,21,55,2180.598956202701,5.810311350279754,0.13014367982091216,0.04555028793731925,4.180598956202702e-05,0.3270898434304052,True
SORTIE_001197,53,21,56,3288.5518369796805,7.287581857982394,0.17766703388461375,0.062183461859614805,5.2885518369796814e-05,0.4932827755469521,True
SORTIE_001198,53,22,0,4156.271044323129,8.401033406410336,0.2070109240727378,0.07245382342545822,6.15627104432313e-05,0.6234406566484693,True
SORTIE_001199,53,22,51,5638.782212417171,10.37771496386906,0.2678532557798241,0.09374863952293844,7.638782212417172e-05,0.8458173318625756,True
SORTIE_001200,53,22,52,6166.193120288178,11.080929507697068,0.28949822554007065,0.10132437893902473,8.166193120288179e-05,0.9249289680432266,True
SORTIE_001201,53,22,53,5972.229124435532,10.822310846560208,0.28153793355112694,0.09853827674289442,7.972229124435533e-05,0.8958343686653297,True
SORTIE_001202,53,22,54,4671.411997153446,9.087888010184091,0.22815233427088238,0.07985331699480883,6.671411997153447e-05,0.7007117995730168,True
SORTIE_001203,53,22,55,5650.249274744883,10.39300438030601,0.2683238645852508,0.09391335260483778,7.650249274744885e-05,0.8475373912117324,True
SORTIE_001204,53,22,56,3187.835740408319,7.109786334523923,0.1672662912728451,0.058543201945495775,5.18783574040832e-05,0.4781753610612478,True
SORTIE_001205,53,23,0,2528.8763811946,7.273760509969389,0.13309886767996298,0.046584603687987045,4.5288763811946e-05,0.37933145717919003,True
SORTIE_001206,53,23,51,3870.853073389896,9.063062766229784,0.1821803452820131,0.06376312084870459,5.870853073389896e-05,0.5806279610084845,True
SORTIE_001207,53,23,52,3852.2566185986643,9.038267493174807,0.18150019823875835,0.06352506938356542,5.852256618598665e-05,0.5778384927897996,True
SORTIE_001208,53,23,53,2189.3548200158725,6.8210650950644185,0.12068120051977828,0.04223842018192239,4.189354820015872e-05,0.32840322300238084,True
SORTIE_001209,53,23,54,1410.59516650752,5.782718890386615,0.09219883214978576,0.03226959125242501,3.41059516650752e-05,0.211589274976128,True
SORTIE_001210,53,23,55,1785.8190793104359,6.283017440790503,0.1059222777052096,0.037072797196823354,3.785819079310436e-05,0.26787286189656534,True
SORTIE_001211,53,23,56,2893.806676647646,7.760334237240116,0.14644583430520866,0.05125604200682303,4.893806676647646e-05,0.4340710014971469,True
SORTIE_001212,53,24,0,5671.0420256608495,12.460085103977343,0.25659181494946937,0.08980713523231428,7.67104202566085e-05,0.8506563038491274,True
SORTIE_001213,53,24,51,7294.59842105479,14.6248269645026,0.31728421249418975,0.1110494743729664,9.294598421054791e-05,1.0941897631582185,True
SORTIE_001214,53,24,52,7736.480315564235,15.214002823848524,0.3338028081435106,0.1168309828502287,9.736480315564235e-05,1.160472047334635,True
SORTIE_001215,53,24,53,6886.579293423239,14.080801460993863,0.302031487568638,0.1057110206490233,8.886579293423239e-05,1.0329868940134859,True
SORTIE_001216,53,24,54,5507.941226956907,12.242617372372086,0.25049471937404943,0.0876731517809173,7.507941226956907e-05,0.826191184043536,True
SORTIE_001217,53,24,55,6287.482699298787,13.28200600216126,0.2796358327201555,0.09787254145205443,8.287482699298788e-05,0.9431224048948181,True
SORTIE_001218,53,24,56,4668.335519774293,11.123143096128603,0.21910826214613235,0.07668789175114632,6.668335519774293e-05,0.700250327966144,True
SORTIE_001219,53,25,0,2368.7980913903402,6.560542259852995,0.14030383513111802,0.0491063422958913,4.368798091390341e-05,0.35531971370855103,True
SORTIE_001220,53,25,51,2974.8504777169373,7.368612108288458,0.16632236864304872,0.058212829025067046,4.9748504777169376e-05,0.4462275716575406,True
SORTIE_001221,53,25,52,2968.5197765235457,7.360171173363935,0.16605058428105213,0.05811770449836824,4.968519776523546e-05,0.44527796647853185,True
SORTIE_001222,53,25,53,2961.230619223903,7.350452296964411,0.16573765228415988,0.058008178299455954,4.9612306192239036e-05,0.4441845928835854,True
SORTIE_001223,53,25,54,2769.7023006191894,7.095081205491461,0.15751511890498265,0.055130291616743925,4.7697023006191896e-05,0.41545534509287835,True
SORTIE_001224,53,25,55,3272.973197155613,7.766109067540025,0.17912112357147675,0.06269239325001685,5.272973197155613e-05,0.49094597957334196,True
SORTIE_001225,53,25,56,3384.9972205625136,7.91547443208256,0.18393044512999795,0.06437565579549928,5.384997220562515e-05,0.507749583084377,True
SORTIE_001226,53,26,0,4067.3916921715822,9.911474767543652,0.19151404528237986,0.06702991584883294,6.067391692171583e-05,0.6101087538257373,True
SORTIE_001227,53,26,51,5172.421934156064,11.38484842352296,0.23187511739061517,0.08115629108671531,7.172421934156065e-05,0.7758632901234095,True
SORTIE_001228,53,26,52,5801.0004129283625,12.222953061886026,0.25483385674769604,0.08919184986169361,7.801000412928363e-05,0.8701500619392544,True
SORTIE_001229,53,26,53,6159.985277384092,12.701599547826998,0.2679457277622327,0.09378100471678144,8.159985277384092e-05,0.9239977916076139,True
SORTIE_001230,53,26,54,5046.071672784862,11.216381408361357,0.22726019210048087,0.0795410672351683,7.046071672784862e-05,0.7569107509177293,True
SORTIE_001231,53,26,55,6018.882689994272,12.513462764640572,0.2627919758666542,0.09197719155332897,8.018882689994272e-05,0.9028324034991407,True
SORTIE_001232,53,26,56,3863.672988813685,9.639849829733123,0.18407324867462532,0.06442563703611887,5.8636729888136854e-05,0.5795509483220528,True
SORTIE_001233,53,27,0,5433.6399545909035,11.062900734887904,0.24690528640981046,0.08641685024343365,7.433639954590904e-05,0.8150459931886355,True
SORTIE_001234,53,27,51,7120.480123043497,13.312020959491361,0.311053262780058,0.1088686419730203,9.120480123043499e-05,1.0680720184565244,True
SORTIE_001235,53,27,52,7449.468282940294,13.750671839353757,0.32356418414761734,0.11324746445166606,9.449468282940296e-05,1.117420242441044,True
SORTIE_001236,53,27,53,6214.65932837026,12.104259899927046,0.2766062701016223,0.0968121945355678,8.214659328370261e-05,0.9321988992555388,True
SORTIE_001237,53,27,54,4911.60637226522,10.366855958453659,0.22705314005369004,0.07946859901879151,6.911606372265222e-05,0.7367409558397829,True
SORTIE_001238,53,27,55,5522.6669755671155,11.181603429522854,0.2502908491588493,0.08760179720559726,7.522666975567117e-05,0.8284000463350673,True
SORTIE_001239,53,27,56,4617.5543428806595,9.974786585940912,0.21587078680804273,0.07555477538281495,6.617554342880662e-05,0.6926331514320988,True
SORTIE_001240,53,28,0,3827.5691928931274,8.225977720745718,0.19297276777029745,0.0675404687196041,5.8275691928931286e-05,0.574135378933969,True
SORTIE_001241,53,28,51,5359.8048295055005,10.268958569562216,0.2552148608971805,0.08932520131401317,7.359804829505502e-05,0.8039707244258251,True
SORTIE_001242,53,28,52,5859.046811801922,10.934614545957444,0.27549494394213886,0.09642323037974859,7.859046811801923e-05,0.8788570217702882,True
SORTIE_001243,53,28,53,5629.223976150362,10.628184098422032,0.26615913814471276,0.09315569835064946,7.629223976150364e-05,0.8443835964225544,True
SORTIE_001244,53,28,54,4340.487087517231,8.90986824691119,0.2138083903082392,0.07483293660788372,6.340487087517233e-05,0.6510730631275846,True
SORTIE_001245,53,28,55,5322.8981582914585,10.21974967461016,0.2537156473220502,0.08880047656271757,7.322898158291458e-05,0.7984347237437187,True
SORTIE_001246,53,28,56,2917.536991219275,7.012601451847249,0.1560056670897017,0.0546019834813956,4.917536991219276e-05,0.43763054868289125,True
SORTIE_001247,53,29,0,2149.494283140239,6.2276830237492184,0.12649760857862166,0.04427416300251758,4.1494942831402394e-05,0.32242414247103585,True
SORTIE_001248,53,29,51,3322.430624080067,7.791598145002322,0.1745452065306539,0.06109082228572886,5.322430624080067e-05,0.49836459361201,True
SORTIE_001249,53,29,52,3301.661404533461,7.763905852273513,0.17369442624896078,0.06079304918713627,5.3016614045334614e-05,0.4952492106800191,True
SORTIE_001250,53,29,53,2161.216694967669,6.243312906185791,0.1269777997968946,0.04444222992891311,4.161216694967669e-05,0.3241825042451503,True
SORTIE_001251,53,29,54,1669.732624105719,5.588000811703191,0.10684488361690685,0.03739570926591739,3.669732624105719e-05,0.2504598936158578,True
SORTIE_001252,53,29,55,2170.1107084754876,6.255171590862883,0.12734212987201293,0.04456974545520452,4.170110708475488e-05,0.3255166062713232,True
SORTIE_001253,53,29,56,2823.770305193222,7.126717719819863,0.15411832599141714,0.053941414096995995,4.823770305193223e-05,0.42356554577898337,True
SORTIE_001254,53,30,0,5432.092557599957,11.692496367071673,0.24952599728264768,0.08733409904892668,7.432092557599959e-05,0.8148138836399935,True
SORTIE_001255,53,30,51,5909.4143250829875,12.32892539038238,0.26769125830084894,0.09369194040529713,7.909414325082988e-05,0.886412148762448,True
SORTIE_001256,53,30,52,6676.333760505753,13.351484637612735,0.2968776325109491,0.10390717137883218,8.676333760505754e-05,1.001450064075863,True
SORTIE_001257,53,30,53,7549.05025796167,14.515106634220624,0.3300902870579487,0.11553160047028203,9.54905025796167e-05,1.1323575386942504,True
SORTIE_001258,53,30,54,6527.891714627964,13.153561909775682,0.29122842752357814,0.10192994963325235,8.527891714627965e-05,0.9791837571941945,True
SORTIE_001259,53,30,55,7486.756605649589,14.432048431137849,0.3277196001730975,0.11470186006058411,9.486756605649589e-05,1.1230134908474383,True
SORTIE_001260,53,30,56,5317.566978176063,11.539795594506481,0.245167538931867,0.08580863862615344,7.317566978176063e-05,0.7976350467264093,True
SORTIE_001261,53,31,0,6595.890065356354,11.2330398197199,0.27791758163274866,0.09727115357146203,8.595890065356355e-05,0.989383509803453,True
SORTIE_001262,53,31,51,7323.969745096798,12.203812726040493,0.30475890303409153,0.10666561606193203,9.3239697450968e-05,1.0985954617645195,True
SORTIE_001263,53,31,52,8080.556250126043,13.212594732746153,0.33265115454789324,0.11642790409176262,0.00010080556250126044,1.2120834375189062,True
SORTIE_001264,53,31,53,8682.792316588535,14.01557615469614,0.3548531363765344,0.12419859773178703,0.00010682792316588536,1.30241884748828,True
SORTIE_001265,53,31,54,7493.370580405677,12.429680506452332,0.3110040193210926,0.1088514067623824,9.493370580405678e-05,1.1240055870608514,True
SORTIE_001266,53,31,55,8478.892950000005,13.7437103325781,0.3473362002712938,0.12156767009495283,0.00010478892950000005,1.2718339425000005,True
SORTIE_001267,53,31,56,6054.0489871108675,10.51058504872592,0.2579421161248773,0.09027974064370704,8.054048987110867e-05,0.9081073480666301,True
SORTIE_001268,53,32,0,2329.911490462745,7.869460071412678,0.1339217901813463,0.04687262656347121,4.3299114904627446e-05,0.34948672356941174,True
SORTIE_001269,53,32,51,3694.8550597028716,9.689384830399513,0.18657086132408118,0.06529980146342841,5.6948550597028715e-05,0.5542282589554307,True
SORTIE_001270,53,32,52,3732.2591430938764,9.73925694158752,0.18801362444767183,0.06580476855668514,5.732259143093876e-05,0.5598388714640814,True
SORTIE_001271,53,32,53,2450.2733172481,8.029942507126485,0.1385644278142116,0.04849754973497406,4.4502733172481e-05,0.367540997587215,True
SORTIE_001272,53,32,54,1505.019127762229,6.769603587811989,0.10210375926223965,0.035736315741783875,3.505019127762229e-05,0.22575286916433432,True
SORTIE_001273,53,32,55,2227.923592372361,7.733476207292165,0.12998787802316977,0.04549575730810942,4.227923592372361e-05,0.33418853885585414,True
SORTIE_001274,53,32,56,2802.8301450381105,8.500018277513165,0.15216337060311141,0.053257179711088995,4.802830145038112e-05,0.4204245217557166,True
SORTIE_001275,53,33,0,5926.246323506173,10.248131955670962,0.261912496327894,0.09166937371476289,7.926246323506173e-05,0.8889369485259259,True
SORTIE_001276,53,33,51,7531.974429192265,12.389102763252419,0.3235612806441107,0.11324644822543874,9.531974429192265e-05,1.12979616437884,True
SORTIE_001277,53,33,52,7991.608238321747,13.00194784209173,0.34120802012828844,0.11942280704490095,9.991608238321747e-05,1.198741235748262,True
SORTIE_001278,53,33,53,7177.7477505376655,11.916800525046286,0.3099614413972935,0.10848650448905271,9.177747750537667e-05,1.0766621625806498,True
SORTIE_001279,53,33,54,5797.880493166661,10.076977515218278,0.2569841417950502,0.08994444962826756,7.797880493166663e-05,0.8696820739749991,True
SORTIE_001280,53,33,55,6579.079172915857,11.118575754883874,0.2869767344048643,0.10044185704170251,8.579079172915858e-05,0.9868618759373785,True
SORTIE_001281,53,33,56,4902.821859755955,8.883566004004006,0.2226201193642867,0.07791704177750033,6.902821859755956e-05,0.7354232789633933,True
SORTIE_001282,53,34,0,3784.2339503877847,7.20579106506524,0.1728541033020266,0.06049893615570931,5.784233950387785e-05,0.5676350925581677,True
SORTIE_001283,53,34,51,5467.480172504767,9.450119361221216,0.23477697457947333,0.08217194110281566,7.467480172504769e-05,0.820122025875715,True
SORTIE_001284,53,34,52,5725.509013108207,9.794157815359135,0.24426927966984835,0.08549424788444691,7.725509013108207e-05,0.858826351966231,True
SORTIE_001285,53,34,53,4537.677848729494,8.21038292952085,0.20057162253288152,0.07020006788650852,6.537677848729495e-05,0.6806516773094241,True
SORTIE_001286,53,34,54,3174.7395524225863,6.393131867778308,0.15043216487518313,0.05265125770631409,5.174739552422587e-05,0.4762109328633879,True
SORTIE_001287,53,34,55,3954.3235301719415,7.432577171444115,0.17911131927923696,0.06268896174773293,5.954323530171942e-05,0.5931485295257912,True
SORTIE_001288,53,34,56,3321.3659597599244,6.588633744228092,0.15582622311106342,0.054539178088872195,5.321365959759926e-05,0.49820489396398865,True
SORTIE_001289,53,35,0,3992.568281033399,8.277397665567346,0.20116997319000893,0.07040949061650312,5.9925682810333997e-05,0.5988852421550098,True
SORTIE_001290,53,35,51,5670.941510176838,10.5152286377586,0.27026021000011546,0.09459107350004041,7.670941510176839e-05,0.8506412265265257,True
SORTIE_001291,53,35,52,6039.519432279532,11.006665867228858,0.2854327207854837,0.0999014522749193,8.039519432279533e-05,0.9059279148419298,True
SORTIE_001292,53,35,53,5212.396924698813,9.903835857121232,0.25138422136507427,0.08798447747777599,7.212396924698813e-05,0.7818595387048218,True
SORTIE_001293,53,35,54,3823.4905279371346,8.051960661438994,0.19420988719846613,0.06797346051946314,5.823490527937135e-05,0.5735235791905702,True
SORTIE_001294,53,35,55,4715.262428514216,9.240989862208437,0.23091967899067287,0.0808218876467355,6.715262428514216e-05,0.7072893642771323,True
SORTIE_001295,53,35,56,3231.006268928557,7.2619816494275575,0.16982027167650368,0.05943709508677628,5.231006268928557e-05,0.4846509403392835,True
SORTIE_001296,53,36,0,2306.6885309747604,5.206009894004723,0.13161371032522642,0.04606479861382925,4.306688530974761e-05,0.3460032796462141,True
SORTIE_001297,53,36,51,2948.1336270713227,6.061270022133472,0.15889118522793785,0.055611914829778245,4.948133627071323e-05,0.4422200440606984,True
SORTIE_001298,53,36,52,2871.3902311166094,5.9589454941938556,0.15562766965997657,0.0544696843809918,4.87139023111661e-05,0.43070853466749137,True
SORTIE_001299,53,36,53,2598.4249873148533,5.594991835791514,0.14401981322389898,0.05040693462836464,4.598424987314854e-05,0.389763748097228,True
SORTIE_001300,53,36,54,2512.282384423678,5.480135031936613,0.14035659605579306,0.04912480861952757,4.512282384423679e-05,0.37684235766355173,True
SORTIE_001301,53,36,55,2935.439646593029,6.04434471482908,0.15835137326894197,0.055422980644129684,4.935439646593029e-05,0.4403159469889543,True
SORTIE_001302,53,36,56,3280.593983346197,6.504550497166639,0.17302907338020643,0.060560175683072245,5.280593983346197e-05,0.49208909750192953,True
SORTIE_001303,53,37,0,2783.4463551764593,7.424959762130264,0.1457850056894122,0.05102475199129426,4.783446355176459e-05,0.4175169532764689,True
SORTIE_001304,53,37,51,4152.310638893777,9.25011214042002,0.19788016680557902,0.06925805838195265,6.152310638893777e-05,0.6228465958340665,True
SORTIE_001305,53,37,52,4124.413682351227,9.212916198363287,0.19681848635776406,0.06888647022521742,6.124413682351228e-05,0.618662052352684,True
SORTIE_001306,53,37,53,2290.655034386085,6.767904667743098,0.12703074088858937,0.04446075931100628,4.290655034386085e-05,0.3435982551579127,True
SORTIE_001307,53,37,54,1587.773710132138,5.830729568737835,0.10028103584616037,0.03509836254615613,3.587773710132138e-05,0.23816605651982067,True
SORTIE_001308,53,37,55,1706.685179509409,5.989278194574196,0.10480647509492692,0.03668226628322442,3.7066851795094095e-05,0.2560027769264113,True
SORTIE_001309,53,37,56,3048.877826970527,7.778868391189022,0.1558865880397548,0.054560305813914176,5.048877826970527e-05,0.45733167404557906,True
SORTIE_001310,53,38,0,2651.3144427599073,7.106344769832788,0.1367069982177785,0.04784744937622248,4.651314442759908e-05,0.39769716641398606,True
SORTIE_001311,53,38,51,4233.303108179433,9.215662990392158,0.19483682185520393,0.06819288764932137,6.233303108179434e-05,0.634995466226915,True
SORTIE_001312,53,38,52,4398.0383299265,9.435309952721578,0.2008899811453748,0.07031149340088118,6.398038329926502e-05,0.659705749488975,True
SORTIE_001313,53,38,53,3303.650033218133,7.976125557110422,0.16067692521829618,0.05623692382640366,5.303650033218134e-05,0.49554750498271993,True
SORTIE_001314,53,38,54,1956.7691104170408,6.180284326708966,0.11118608358683758,0.03891512925539315,3.9567691104170415e-05,0.2935153665625561,True
SORTIE_001315,53,38,55,2942.180654181779,7.49416638506195,0.14739481282835643,0.05158818448992475,4.94218065418178e-05,0.44132709812726684,True
SORTIE_001316,53,38,56,2835.588491746449,7.352043501814843,0.14347810739364691,0.05021733758777642,4.8355884917464494e-05,0.4253382737619673,True
SORTIE_001317,53,39,0,2119.705391428806,7.600799462292594,0.13362218480621177,0.04676776468217412,4.1197053914288065e-05,0.3179558087143209,True
SORTIE_001318,53,39,51,3104.3060378869536,8.913600324236791,0.17520601515328238,0.06132210530364883,5.104306037886954e-05,0.46564590568304304,True
SORTIE_001319,53,39,52,3015.17081556393,8.794753361139426,0.17144145946630152,0.06000451081320553,5.01517081556393e-05,0.4522756223345895,True
SORTIE_001320,53,39,53,1926.134533334346,7.342704984833315,0.12544687255947226,0.043906405395815286,3.926134533334346e-05,0.2889201800001519,True
SORTIE_001321,53,39,54,1770.8641265869471,7.135677775836783,0.11888914961329,0.041611202364651496,3.770864126586948e-05,0.26562961898804205,True
SORTIE_001322,53,39,55,2108.037959965176,7.585242887007754,0.13312942005705689,0.04659529701996991,4.108037959965177e-05,0.31620569399477644,True
SORTIE_001323,53,39,56,2890.709839142971,8.628805392578148,0.16618494846670212,0.05816473196334574,4.8907098391429706e-05,0.43360647587144563,True
SORTIE_001324,53,40,0,2849.8257972897213,8.738479771479408,0.1653167988014599,0.05786087958051096,4.849825797289722e-05,0.4274738695934582,True
SORTIE_001325,53,40,51,4474.369149212102,10.904537574042582,0.23404314536769913,0.08191510087869469,6.474369149212102e-05,0.6711553723818152,True
SORTIE_001326,53,40,52,4668.124475187325,11.162878008676213,0.24223996921131677,0.08478398922396087,6.668124475187325e-05,0.7002186712780987,True
SORTIE_001327,53,40,53,3570.619911104816,9.699538589899532,0.19581001156204395,0.06853350404671538,5.5706199111048157e-05,0.5355929866657223,True
SORTIE_001328,53,40,54,2190.0558930602915,7.858786565840167,0.1374052167323267,0.048091825856314344,4.1900558930602914e-05,0.32850838395904375,True
SORTIE_001329,53,40,55,3153.6688233831082,9.14360380627059,0.17817088551346952,0.06235980992971433,5.153668823383108e-05,0.4730503235074662,True
SORTIE_001330,53,40,56,2880.4124777704637,8.779262012120398,0.1666107690735015,0.05831376917572552,4.880412477770464e-05,0.4320618716655696,True
SORTIE_001331,53,41,0,4993.591383624091,10.99511090856651,0.25136142893812385,0.08797650012834335,6.993591383624092e-05,0.7490387075436137,True
SORTIE_001332,53,41,51,6286.463266213724,12.718940085352685,0.3054763176334001,0.10691671117169003,8.286463266213725e-05,0.9429694899320584,True
SORTIE_001333,53,41,52,6896.718740090237,13.53261405052137,0.33101937993464176,0.11585678297712461,8.896718740090238e-05,1.0345078110135355,True
SORTIE_001334,53,41,53,6906.099626934181,13.54512189964663,0.3314120295500129,0.11599421034250451,8.906099626934182e-05,1.0359149440401272,True
SORTIE_001335,53,41,54,5613.6980545305505,11.821919803108454,0.2773168263190975,0.09706088921168411,7.613698054530552e-05,0.8420547081795825,True
SORTIE_001336,53,41,55,6591.606063858209,13.125797148878666,0.31824847917010346,0.1113869677095362,8.591606063858211e-05,0.9887409095787313,True
SORTIE_001337,53,41,56,4128.487403253428,9.841638934738958,0.21515134019071605,0.07530296906675062,6.128487403253429e-05,0.6192731104880141,True
SORTIE_001338,53,42,0,3299.7792867702583,8.97242214806135,0.17578517517714548,0.06152481131200092,5.2997792867702585e-05,0.4949668930155387,True
SORTIE_001339,53,42,51,4612.327109471579,10.72248591166311,0.22848722045729347,0.0799705271600527,6.61232710947158e-05,0.6918490664207368,True
SORTIE_001340,53,42,52,4510.001737397687,10.586052082231255,0.22437860338515697,0.07853251118480493,6.510001737397687e-05,0.676500260609653,True
SORTIE_001341,53,42,53,2313.833219547449,7.65782739176427,0.13619699912759023,0.04766894969465658,4.31383321954745e-05,0.3470749829321173,True
SORTIE_001342,53,42,54,2098.6319155903766,7.3708923198215075,0.12755613388113335,0.04464464685839667,4.098631915590377e-05,0.3147947873385565,True
SORTIE_001343,53,42,55,1484.5155801742553,6.552070539266679,0.10289784230759734,0.036014244807659065,3.4845155801742556e-05,0.2226773370261383,True
SORTIE_001344,53,42,56,3511.3097817465514,9.25446280802974,0.18427864835317737,0.06449752692361208,5.5113097817465525e-05,0.5266964672619827,True
SORTIE_001345,53,43,0,4981.527021568904,9.441425981261078,0.2309534795089422,0.08083371782812977,6.981527021568905e-05,0.7472290532353357,True
SORTIE_001346,53,43,51,6582.025521832315,11.57542398161229,0.293525971045361,0.10273408986587634,8.582025521832316e-05,0.9873038282748472,True
SORTIE_001347,53,43,52,7045.302105469829,12.193126093128978,0.3116380593128029,0.10907332075948102,9.04530210546983e-05,1.0567953158204744,True
SORTIE_001348,53,43,53,6389.360529974836,11.31853732580232,0.28599361248933475,0.10009776437126716,8.389360529974838e-05,0.9584040794962254,True
SORTIE_001349,53,43,54,5000.570661987376,9.46681750181904,0.23169800256142323,0.08109430089649812,7.000570661987377e-05,0.7500855992981065,True
SORTIE_001350,53,43,55,5876.442955003693,10.634647225840796,0.2659407785669785,0.09307927249844247,7.876442955003694e-05,0.8814664432505539,True
SORTIE_001351,53,43,56,3952.992363575736,8.070046437270186,0.19074227270581243,0.06675979544703435,5.9529923635757374e-05,0.5929488545363604,True
SORTIE_001352,53,44,0,4174.490431042779,8.263697062976993,0.20170654972967822,0.07059729240538737,6.17449043104278e-05,0.6261735646564168,True
SORTIE_001353,53,44,51,5543.531309082076,10.089084900362723,0.2561192723500801,0.08964174532252803,7.543531309082076e-05,0.8315296963623114,True
SORTIE_001354,53,44,52,6113.012339075387,10.848392940353804,0.27875337613738665,0.09756368164808532,8.113012339075386e-05,0.9169518508613079,True
SORTIE_001355,53,44,53,6117.742505028615,10.85469982829144,0.27894137724976403,0.0976294820374174,8.117742505028615e-05,0.9176613757542921,True
SORTIE_001356,53,44,54,4870.169162601357,9.191268705055098,0.22935639894924503,0.08027473963223576,6.870169162601357e-05,0.7305253743902035,True
SORTIE_001357,53,44,55,5855.539760664324,10.505096169139053,0.2685200922258754,0.0939820322790564,7.855539760664323e-05,0.8783309640996485,True
SORTIE_001358,53,44,56,3455.509668647276,7.305056046449655,0.1731305580108184,0.06059569530378643,5.455509668647276e-05,0.5183264502970915,True
SORTIE_001359,53,45,0,4582.509270791902,9.248404600236656,0.21610988400008696,0.07563845940003043,6.582509270791902e-05,0.6873763906187852,True
SORTIE_001360,53,45,51,6237.779951646463,11.455432174709404,0.28060708754238006,0.09821248063983301,8.237779951646463e-05,0.9356669927469694,True
SORTIE_001361,53,45,52,6412.342175780674,11.688181806888352,0.28740886046749886,0.10059310116362459,8.412342175780673e-05,0.9618513263671009,True
SORTIE_001362,53,45,53,4788.651775888674,9.523261273699019,0.22414217458779956,0.07844976110572983,6.788651775888674e-05,0.7182977663833011,True
SORTIE_001363,53,45,54,3661.161996044336,8.0199415672399,0.18020982040332706,0.06307343714116447,5.6611619960443365e-05,0.5491742994066503,True
SORTIE_001364,53,45,55,4032.094798462705,8.51451863713106,0.19466312325874857,0.068132093140562,6.0320947984627055e-05,0.6048142197694056,True
SORTIE_001365,53,45,56,4135.338388415805,8.652176757068526,0.19868598363600382,0.06954009427260133,6.135338388415806e-05,0.6203007582623706,True
SORTIE_001366,53,46,0,5835.846746288058,12.530173053665276,0.2685486770565776,0.09399203696980216,7.835846746288059e-05,0.8753770119432087,True
SORTIE_001367,53,46,51,7522.479188065407,14.779016309368409,0.33344714838976003,0.116706501936416,9.522479188065408e-05,1.1283718782098109,True
SORTIE_001368,53,46,52,7762.342086344686,15.098833507074115,0.34267662544847705,0.11993681890696696,9.762342086344687e-05,1.164351312951703,True
SORTIE_001369,53,46,53,6189.701882005621,13.001979901288696,0.2821643628531023,0.09875752699858581,8.189701882005622e-05,0.9284552823008431,True
SORTIE_001370,53,46,54,5052.738805165112,11.486029132168017,0.23841614372631684,0.08344565030421089,7.052738805165114e-05,0.7579108207747668,True
SORTIE_001371,53,46,55,5410.735892827522,11.963358582384561,0.25219120411027257,0.0882669214385954,7.410735892827522e-05,0.8116103839241283,True
SORTIE_001372,53,46,56,5157.806075464863,11.626118825901017,0.24245893637082375,0.08486062772978831,7.157806075464864e-05,0.7736709113197295,True
SORTIE_001373,53,47,0,6000.771878407046,12.546710637530268,0.27540376703396396,0.09639131846188738,8.000771878407045e-05,0.9001157817610569,True
SORTIE_001374,53,47,51,6966.976517408559,13.834983489532284,0.3127944647304246,0.1094780626556486,8.966976517408559e-05,1.0450464776112838,True
SORTIE_001375,53,47,52,7674.422508415022,14.778244810874236,0.34017158352963817,0.11906005423537334,9.674422508415023e-05,1.1511633762622533,True
SORTIE_001376,53,47,53,8035.772237411821,15.260044449536636,0.35415528629221227,0.12395435020227429,0.00010035772237411822,1.2053658356117731,True
SORTIE_001377,53,47,54,6795.965965628055,13.606969420491613,0.30617660802965607,0.10716181281037962,8.795965965628056e-05,1.0193948948442082,True
SORTIE_001378,53,47,55,7780.263740333228,14.919366453431845,0.3442674834526238,0.12049361920841832,9.780263740333229e-05,1.1670395610499842,True
SORTIE_001379,53,47,56,5328.040048641043,11.64973486450893,0.2493700351906126,0.08727951231671441,7.328040048641044e-05,0.7992060072961564,True
SORTIE_001380,53,48,0,5944.599518194351,11.824885578728665,0.2904509449234616,0.10165783072321155,7.944599518194352e-05,0.8916899277291526,True
SORTIE_001381,53,48,51,7547.931252451479,13.962661224404835,0.35784016866209356,0.12524405903173275,9.54793125245148e-05,1.1321896878677218,True
SORTIE_001382,53,48,52,8009.802992705461,14.578490211410145,0.3772529809812785,0.13203854334344747,0.00010009802992705461,1.2014704489058192,True
SORTIE_001383,53,48,53,7202.466147409067,13.502041084348285,0.34332001368719084,0.12016200479051678,9.202466147409068e-05,1.08036992211136,True
SORTIE_001384,53,48,54,5822.149922479781,11.661619451109237,0.28530429746055364,0.09985650411119376,7.822149922479782e-05,0.8733224883719671,True
SORTIE_001385,53,48,55,6604.921789881124,12.705315274311028,0.31820478048695416,0.11137167317043395,8.604921789881125e-05,0.9907382684821686,True
SORTIE_001386,53,48,56,4918.904071565266,10.457291649889884,0.2473402034195461,0.08656907119684112,6.918904071565268e-05,0.7378356107347899,True
SORTIE_001387,53,49,0,2582.203680398659,7.5273326269870395,0.14861329831125528,0.05201465440893934,4.58220368039866e-05,0.3873305520597988,True
SORTIE_001388,53,49,51,4074.7215336291374,9.517356431294345,0.2106188363236005,0.07371659271326017,6.074721533629138e-05,0.6112082300443706,True
SORTIE_001389,53,49,52,4166.298167637744,9.639458609972486,0.21442331909663598,0.07504816168382258,6.166298167637746e-05,0.6249447251456616,True
SORTIE_001390,53,49,53,2856.4707188048114,7.8930220115285765,0.16000751730744167,0.05600263105760458,4.8564707188048116e-05,0.4284706078207217,True
SORTIE_001391,53,49,54,1498.574939525904,6.082494305823367,0.1035947526784349,0.036258163437452216,3.498574939525904e-05,0.2247862409288856,True
SORTIE_001392,53,49,55,2479.586678370027,7.390509957615531,0.14435015170551974,0.050522553096931905,4.4795866783700276e-05,0.37193800175550407,True
SORTIE_001393,53,49,56,2854.2774926989505,7.890097710054095,0.15991640136910817,0.055970740479187854,4.8542774926989504e-05,0.4281416239048426,True
SORTIE_001394,53,50,0,4856.019736854951,8.759980227163071,0.2153907252968953,0.07538675385391334,6.856019736854952e-05,0.7284029605282425,True
SORTIE_001395,53,50,51,6403.552371552747,10.823357073426802,0.2731519473629173,0.09560318157702105,8.403552371552748e-05,0.960532855732912,True
SORTIE_001396,53,50,52,6904.44277636057,11.491210946503898,0.29184754140348773,0.1021466394912207,8.904442776360572e-05,1.0356664164540854,True
SORTIE_001397,53,50,53,6430.865436518757,10.85977449338148,0.27417139986132194,0.09595998995146267,8.430865436518758e-05,0.9646298154778135,True
SORTIE_001398,53,50,54,5055.419580104804,9.025846684829542,0.2228332685865455,0.07799164400529092,7.055419580104804e-05,0.7583129370157206,True
SORTIE_001399,53,50,55,5978.352023704665,10.256423276296026,0.25728146349464076,0.09004851222312427,7.978352023704666e-05,0.8967528035556998,True
SORTIE_001400,53,50,56,3792.657970855147,7.342164539163334,0.17570104526993657,0.061495365844477796,5.792657970855148e-05,0.568898695628272,True
SORTIE_001401,54,1,0,2940.460624149304,7.380589158046886,0.16198388149314075,0.056694358522599256,4.9404606241493045e-05,0.44106909362239555,True
SORTIE_001402,54,1,51,3691.9960578768987,8.382636403017013,0.1934575440903631,0.06771014043162707,5.6919960578768995e-05,0.5537994086815348,True
SORTIE_001403,54,1,52,3408.5962351020444,8.00476997265054,0.1815890013685818,0.06355615047900363,5.4085962351020455e-05,0.5112894352653066,True
SORTIE_001404,54,1,53,1554.631462855698,5.532816942988745,0.10394653889758693,0.03638128861415542,3.554631462855698e-05,0.23319471942835468,True
SORTIE_001405,54,1,54,2358.167060008233,6.604197739192125,0.1375979239616254,0.04815927338656889,4.3581670600082336e-05,0.3537250590012349,True
SORTIE_001406,54,1,55,2113.0117152493744,6.277323946180314,0.12733102734096283,0.04456585956933699,4.1130117152493755e-05,0.31695175728740616,True
SORTIE_001407,54,1,56,3680.7075028402915,8.367584996301536,0.19298478903918725,0.06754467616371554,5.6807075028402924e-05,0.5521061254260438,True
SORTIE_001408,54,2,0,4313.394535184936,9.171660916750776,0.22400594243430183,0.07840207985200563,6.313394535184937e-05,0.6470091802777403,True
SORTIE_001409,54,2,51,5883.520845575907,11.265162663938737,0.2914660820732916,0.10201312872565206,7.883520845575908e-05,0.882528126836386,True
SORTIE_001410,54,2,52,6372.47527967793,11.917101909408101,0.3124739042996526,0.10936586650487841,8.372475279677931e-05,0.9558712919516895,True
SORTIE_001411,54,2,53,5707.592155230723,11.030591076811824,0.2839073436847631,0.09936757028966708,7.707592155230723e-05,0.8561388232846083,True
SORTIE_001412,54,2,54,4318.4447834914545,9.178394581159466,0.22422292526792142,0.07847802384377249,6.318444783491455e-05,0.6477667175237182,True
SORTIE_001413,54,2,55,5158.625277405146,10.298635239711057,0.2603210997054033,0.09111238489689115,7.158625277405148e-05,0.773793791610772,True
SORTIE_001414,54,2,56,3263.069687613727,7.771227786655832,0.17887896098412087,0.0626076363444423,5.263069687613727e-05,0.48946045314205905,True
SORTIE_001415,54,3,0,3097.1520572481277,7.446270457245976,0.15819170962316673,0.05536709836810835,5.097152057248128e-05,0.4645728085872191,True
SORTIE_001416,54,3,51,3924.0282320957695,8.5487720237095,0.1902091679171656,0.06657320877100796,5.9240282320957704e-05,0.5886042348143654,True
SORTIE_001417,54,3,52,3640.130402040113,8.17024158363529,0.17921636487112477,0.06272572770489367,5.6401304020401143e-05,0.546019560306017,True
SORTIE_001418,54,3,53,1398.0272444712807,5.180770706876848,0.09239992666436357,0.03233997433252725,3.398027244471281e-05,0.2097040866706921,True
SORTIE_001419,54,3,54,2363.7655136882818,6.4684217324995155,0.1297942617511997,0.045427991612919896,4.363765513688282e-05,0.3545648270532422,True
SORTIE_001420,54,3,55,1926.574044700819,5.885499773849565,0.11286577832092383,0.03950302241232334,3.926574044700819e-05,0.28898610670512287,True
SORTIE_001421,54,3,56,3763.7941109305557,8.335126528822547,0.18400474523848812,0.06440166083347083,5.763794110930556e-05,0.5645691166395833,True
SORTIE_001422,54,4,0,3040.9716295007293,6.475376106330137,0.16296346847593413,0.05703721396657694,5.0409716295007295e-05,0.45614574442510936,True
SORTIE_001423,54,4,51,4039.4562501721975,7.8066889338920955,0.20508358711782726,0.07177925549123954,6.039456250172198e-05,0.6059184375258295,True
SORTIE_001424,54,4,52,4688.3858914191815,8.67192845555474,0.2324580633127466,0.0813603221594613,6.688385891419182e-05,0.7032578837128772,True
SORTIE_001425,54,4,53,5151.549644245272,9.28948012598953,0.2519961831953946,0.0881986641183881,7.151549644245273e-05,0.7727324466367909,True
SORTIE_001426,54,4,54,4075.435159090381,7.854660812449675,0.20660132297561212,0.07231046304146424,6.075435159090382e-05,0.6113152738635572,True
SORTIE_001427,54,4,55,5040.785854117883,9.141795072486342,0.24732371865782965,0.08656330153024037,7.040785854117883e-05,0.7561178781176824,True
SORTIE_001428,54,4,56,2941.0312865523283,6.34212231573227,0.158747580704656,0.055561653246629594,4.9410312865523287e-05,0.4411546929828492,True
SORTIE_001429,54,5,0,2906.3728267349743,6.718865120496991,0.14437570738497185,0.05053149758474015,4.906372826734975e-05,0.43595592401024613,True
SORTIE_001430,54,5,51,4246.382005951608,8.50554402611917,0.19417048893678956,0.06795967112787635,6.246382005951609e-05,0.6369573008927413,True
SORTIE_001431,54,5,52,4823.604009834038,9.275173364629076,0.21562007602620853,0.07546702660917298,6.823604009834038e-05,0.7235406014751057,True
SORTIE_001432,54,5,53,4879.108273960863,9.349179050131507,0.2176826161567212,0.0761889156548524,6.879108273960863e-05,0.7318662410941293,True
SORTIE_001433,54,5,54,3650.108134515373,7.710512197537522,0.17201293387393435,0.060204526855877016,5.650108134515373e-05,0.547516220177306,True
SORTIE_001434,54,5,55,4635.708515132983,9.024646038361002,0.2086378737709379,0.07302325581982826,6.635708515132984e-05,0.6953562772699474,True
SORTIE_001435,54,5,56,2270.8132604742623,5.871452365482708,0.12075829471648455,0.04226540315076959,4.270813260474262e-05,0.34062198907113933,True
SORTIE_001436,54,6,0,2515.5154560335714,5.677243445912452,0.1386590172719355,0.04853065604517742,4.515515456033572e-05,0.3773273184050357,True
SORTIE_001437,54,6,51,3730.406607893145,7.29709831505855,0.1890635904700509,0.0661722566645178,5.730406607893145e-05,0.5595609911839717,True
SORTIE_001438,54,6,52,3610.588071731637,7.137340266843205,0.1840924437404039,0.06443235530914136,5.610588071731637e-05,0.5415882107597455,True
SORTIE_001439,54,6,53,1542.2184512906433,4.379514106255215,0.09827793453544527,0.03439727708740584,3.542218451290644e-05,0.2313327676935965,True
SORTIE_001440,54,6,54,1422.4889297125364,4.219874744151071,0.09331048092849316,0.032658668324972606,3.422488929712537e-05,0.21337333945688047,True
SORTIE_001441,54,6,55,1010.8404945027567,3.6710101638713653,0.07623161451921724,0.026681065081726033,3.0108404945027574e-05,0.1516260741754135,True
SORTIE_001442,54,6,56,2908.14901202169,6.20075485389661,0.15494897607404468,0.054232141625915636,4.90814901202169e-05,0.43622235180325347,True
SORTIE_001443,54,7,0,4103.021426532768,9.135252643551473,0.19562022011979574,0.0684670770419285,6.1030214265327686e-05,0.615453213979915,True
SORTIE_001444,54,7,51,5793.900726197338,11.389758376437568,0.2598930751294674,0.09096257629531358,7.79390072619734e-05,0.8690851089296008,True
SORTIE_001445,54,7,52,6091.486079493261,11.786538847498797,0.27120474017213786,0.09492165906024824,8.091486079493261e-05,0.9137229119239891,True
SORTIE_001446,54,7,53,4757.11389375002,10.007375933174476,0.2204832545875503,0.0771691391056426,6.75711389375002e-05,0.713567084062503,True
SORTIE_001447,54,7,54,3489.1109123759024,8.31670529134232,0.17228456187787122,0.06029959665725492,5.4891109123759034e-05,0.5233666368563854,True
SORTIE_001448,54,7,55,4042.457155362554,9.054500281991189,0.1933180814511979,0.06766132850791926,6.042457155362555e-05,0.6063685733043832,True
SORTIE_001449,54,7,56,3347.805747893928,8.128298405366355,0.16691334090978122,0.05841966931842342,5.3478057478939284e-05,0.5021708621840892,True
SORTIE_001450,54,8,0,3026.7081860384487,6.9870275931860775,0.16455856454327947,0.05759549759014781,5.026708186038449e-05,0.4540062279057673,True
SORTIE_001451,54,8,51,4403.709821556778,8.823029773877183,0.2226797769101543,0.077937921918554,6.403709821556778e-05,0.6605564732335166,True
SORTIE_001452,54,8,52,4973.392466081708,9.582606633243756,0.24672524287773315,0.0863538350072066,6.973392466081709e-05,0.7460088699122561,True
SORTIE_001453,54,8,53,4946.377004298315,9.546586017532567,0.2455849599971607,0.08595473599900624,6.946377004298316e-05,0.7419565506447473,True
SORTIE_001454,54,8,54,3681.583321319154,7.860194440227019,0.1921998801595158,0.06726995805583053,5.681583321319155e-05,0.5522374981978732,True
SORTIE_001455,54,8,55,4665.709550102027,9.172362745270847,0.23373839984135367,0.08180843994447377,6.665709550102028e-05,0.6998564325153039,True
SORTIE_001456,54,8,56,2231.1767241861144,5.926318977382966,0.13098035240016506,0.045843123340057766,4.231176724186115e-05,0.33467650862791715,True
SORTIE_001457,54,9,0,2535.825976230289,6.148996573343194,0.13353966569792508,0.04673888299427378,4.53582597623029e-05,0.38037389643454333,True
SORTIE_001458,54,9,51,3001.8606510506024,6.770376139770278,0.1514523724620639,0.05300833036172236,5.0018606510506024e-05,0.45027909765759033,True
SORTIE_001459,54,9,52,2829.2722496247743,6.540258271202507,0.14481869133774772,0.0506865419682117,4.829272249624774e-05,0.42439083744371614,True
SORTIE_001460,54,9,53,2565.775084260559,6.188928717383554,0.13469080233856365,0.04714178081849727,4.56577508426056e-05,0.3848662626390839,True
SORTIE_001461,54,9,54,2686.0362002994275,6.3492768721020445,0.13931320968961086,0.0487596233913638,4.686036200299428e-05,0.4029054300449141,True
SORTIE_001462,54,9,55,2999.4205706624425,6.767122699252731,0.15135858449555498,0.052975504573444236,4.999420570662443e-05,0.4499130855993663,True
SORTIE_001463,54,9,56,3515.558414554609,7.455306491108953,0.17119707795332173,0.0599189772836626,5.51555841455461e-05,0.5273337621831913,True
SORTIE_001464,54,10,0,3883.354488604216,8.483097164814735,0.18404988165609523,0.06441745857963332,5.883354488604217e-05,0.5825031732906324,True
SORTIE_001465,54,10,51,5522.488043955065,10.6686085719492,0.24560304245176848,0.08596106485811897,7.522488043955066e-05,0.8283732065932597,True
SORTIE_001466,54,10,52,5947.212764780436,11.234908199716362,0.2615524133553894,0.0915433446743863,7.947212764780437e-05,0.8920819147170654,True
SORTIE_001467,54,10,53,5089.472322245202,10.091254276336048,0.2293423257710239,0.08026981401985836,7.089472322245203e-05,0.7634208483367803,True
SORTIE_001468,54,10,54,3707.7111410472185,8.248906034738738,0.17745407792822146,0.062108927274877504,5.7077111410472186e-05,0.5561566711570828,True
SORTIE_001469,54,10,55,4505.085674114781,9.312072078828823,0.20739728950366684,0.07258905132628339,6.505085674114782e-05,0.6757628511172171,True
SORTIE_001470,54,10,56,2908.180710883811,7.182865461187529,0.14742990755587612,0.05160046764455664,4.908180710883812e-05,0.43622710663257164,True
SORTIE_001471,54,11,0,4308.42204104363,10.416940194027081,0.22740812609654182,0.07959284413378963,6.30842204104363e-05,0.6462633061565445,True
SORTIE_001472,54,11,51,5939.388226306328,12.591561774377343,0.2969553635261088,0.10393437723413808,7.939388226306328e-05,0.8909082339459491,True
SORTIE_001473,54,11,52,6373.129047604222,13.169882869441203,0.31545082722993867,0.11040778953047853,8.373129047604223e-05,0.9559693571406334,True
SORTIE_001474,54,11,53,5489.85092341081,11.992178703849987,0.27778631034743356,0.09722520862160174,7.48985092341081e-05,0.8234776385116215,True
SORTIE_001475,54,11,54,4114.9947702054,10.159037166242772,0.21916005053746895,0.07670601768811412,6.114994770205399e-05,0.6172492155308099,True
SORTIE_001476,54,11,55,4881.195057395865,11.180637549163393,0.251832164633602,0.08814125762176069,6.881195057395865e-05,0.7321792586093797,True
SORTIE_001477,54,11,56,3316.147458975138,9.093907417935757,0.18509581050225726,0.06478353367579004,5.3161474589751383e-05,0.49742211884627063,True
SORTIE_001478,54,12,0,3968.8153388440473,9.60779108145836,0.20114379865497972,0.0704003295292429,5.9688153388440474e-05,0.5953223008266071,True
SORTIE_001479,54,12,51,4009.138962984604,9.66155591364577,0.2027580343202408,0.07096531201208428,6.009138962984605e-05,0.6013708444476906,True
SORTIE_001480,54,12,52,3482.8481721428293,8.959834859190071,0.18168955689584165,0.06359134491354458,5.48284817214283e-05,0.5224272258214244,True
SORTIE_001481,54,12,53,3017.4858002391948,8.339351696651889,0.1630601664576491,0.05707105826017718,5.017485800239195e-05,0.4526228700358792,True
SORTIE_001482,54,12,54,3886.501784469896,9.49803967562616,0.19784862174473955,0.06924701761065884,5.8865017844698964e-05,0.5829752676704844,True
SORTIE_001483,54,12,55,3775.5547119701223,9.35011024562646,0.1934071875928594,0.06769251565750078,5.775554711970123e-05,0.5663332067955184,True
SORTIE_001484,54,12,56,4933.746243635458,10.894365621180242,0.23977192085941107,0.08392017230079386,6.93374624363546e-05,0.7400619365453186,True
SORTIE_001485,54,13,0,3718.087354202281,9.19781863965012,0.18702489956482832,0.0654587148476899,5.7180873542022806e-05,0.5577131031303422,True
SORTIE_001486,54,13,51,3481.3642560852513,8.882187842160747,0.17778900488686794,0.06222615171040378,5.481364256085251e-05,0.5222046384127876,True
SORTIE_001487,54,13,52,3000.379048758305,8.240874232391484,0.15902307645882566,0.055658076760588975,5.0003790487583054e-05,0.45005685731374573,True
SORTIE_001488,54,13,53,3519.67108260884,8.933263610858866,0.17928356886492075,0.06274924910272225,5.51967108260884e-05,0.5279506623913259,True
SORTIE_001489,54,13,54,3996.180948096641,9.568610098175931,0.1978748891275453,0.06925621119464086,5.9961809480966406e-05,0.5994271422144961,True
SORTIE_001490,54,13,55,4158.189147653763,9.784621030918762,0.2041957369027626,0.0714685079159669,6.158189147653764e-05,0.6237283721480644,True
SORTIE_001491,54,13,56,4759.353288688569,10.58617321896517,0.22765051902976519,0.0796776816604178,6.759353288688569e-05,0.7139029933032853,True
SORTIE_001492,54,14,0,1555.3130018108086,4.442024466315536,0.101285752167899,0.03545001325876465,3.5553130018108086e-05,0.23329695027162128,True
SORTIE_001493,54,14,51,2886.861848860569,6.21742292904855,0.15848601749397043,0.05547010612288965,4.8868618488605695e-05,0.43302927732908536,True
SORTIE_001494,54,14,52,2885.423558195551,6.21550520816186,0.15842423184649884,0.05544848114627459,4.885423558195552e-05,0.4328135337293326,True
SORTIE_001495,54,14,53,1401.9604346634721,4.237554376785755,0.09469807981273379,0.033144327934456826,3.401960434663472e-05,0.21029406519952082,True
SORTIE_001496,54,14,54,570.6060310685803,3.129081838659232,0.05898501335558668,0.020644754674455337,2.5706060310685805e-05,0.08559090466028703,True
SORTIE_001497,54,14,55,1123.04379668262,3.8656655261446184,0.08271646476968886,0.0289507626693911,3.12304379668262e-05,0.16845656950239302,True
SORTIE_001498,54,14,56,1994.3006591634226,5.027341342785688,0.12014364876784378,0.04205027706874532,3.994300659163423e-05,0.29914509887451335,True
SORTIE_001499,54,15,0,2385.8808811430426,6.979322882753254,0.1295986844147511,0.04535953954516288,4.385880881143043e-05,0.3578821321714564,True
SORTIE_001500,54,15,51,3948.3176205601476,9.062571868642728,0.18814786106462758,0.06585175137261964,5.948317620560148e-05,0.5922476430840221,True
SORTIE_001501,54,15,52,4429.658187018116,9.704359290586686,0.20618513140224973,0.0721647959907874,6.429658187018117e-05,0.6644487280527175,True
SORTIE_001502,54,15,53,4167.228687024615,9.354453290595352,0.19635111331650604,0.06872288966077711,6.167228687024615e-05,0.6250843030536923,True
SORTIE_001503,54,15,54,2881.6499590289413,7.640348319934452,0.14817663421994887,0.0518618219769821,4.8816499590289414e-05,0.4322474938543412,True
SORTIE_001504,54,15,55,3865.0182464054024,8.951506036436399,0.18502638443189692,0.06475923455116392,5.865018246405403e-05,0.5797527369608103,True
SORTIE_001505,54,15,56,1564.487765202336,5.8841320614989785,0.0988186282173101,0.034586519876058534,3.564487765202336e-05,0.2346731647803504,True
SORTIE_001506,54,16,0,3102.9696764146656,8.469507416609755,0.1595436699581508,0.055840284485352776,5.102969676414666e-05,0.4654454514621998,True
SORTIE_001507,54,16,51,3568.005455437201,9.089555121973135,0.17711041634915434,0.061988645722204014,5.568005455437201e-05,0.5352008183155801,True
SORTIE_001508,54,16,52,3225.7161174746207,8.633169338023027,0.16418042200555402,0.057463147701943905,5.225716117474621e-05,0.48385741762119305,True
SORTIE_001509,54,16,53,2156.1918358902167,7.207136962577155,0.12377909664279514,0.043322683824978295,4.1561918358902166e-05,0.3234287753835325,True
SORTIE_001510,54,16,54,2850.440498412921,8.132801845940762,0.15000436948623966,0.05250152932018388,4.850440498412921e-05,0.42756607476193814,True
SORTIE_001511,54,16,55,2793.2476904356236,8.056544768637696,0.14784390872505193,0.05174536805376817,4.793247690435624e-05,0.4189871535653435,True
SORTIE_001512,54,16,56,3987.1362546055498,9.648396187530931,0.19294310016785945,0.0675300850587508,5.9871362546055504e-05,0.5980704381908324,True
SORTIE_001513,54,17,0,3526.6546876672564,6.744015113347613,0.17389905484498647,0.060864669195745257,5.5266546876672564e-05,0.5289982031500885,True
SORTIE_001514,54,17,51,4984.65549844414,8.688016194383458,0.2320808517455718,0.08122829811095013,6.98465549844414e-05,0.747698324766621,True
SORTIE_001515,54,17,52,5532.61566642651,9.418629751693285,0.25394730543168,0.08888155690108798,7.532615666426511e-05,0.8298923499639765,True
SORTIE_001516,54,17,53,5265.9957741105445,9.063136561938665,0.24330778842337475,0.08515772594818116,7.265995774110545e-05,0.7898993661165817,True
SORTIE_001517,54,17,54,3919.3794254550344,7.267648097064651,0.18957080945781757,0.06634978331023614,5.919379425455035e-05,0.5879069138182551,True
SORTIE_001518,54,17,55,4874.295238221724,8.54086918075357,0.2276769047801822,0.07968691667306377,6.874295238221724e-05,0.7311442857332585,True
SORTIE_001519,54,17,56,2490.1716739933727,5.362037761782435,0.1325380050110376,0.04638830175386316,4.490171673993373e-05,0.37352575109900593,True
SORTIE_001520,54,18,0,4165.312592934972,7.919247637798888,0.18992293364479906,0.06647302677567966,6.165312592934973e-05,0.6247968889402457,True
SORTIE_001521,54,18,51,4857.731348554495,8.842472645291586,0.215765909581369,0.07551806835347914,6.857731348554495e-05,0.7286597022831742,True
SORTIE_001522,54,18,52,5594.186464116579,9.824412799374365,0.2432524438142642,0.08513835533499246,7.59418646411658e-05,0.8391279696174869,True
SORTIE_001523,54,18,53,6281.784919806104,10.741210740293731,0.268915512874992,0.09412042950624719,8.281784919806105e-05,0.9422677379709156,True
SORTIE_001524,54,18,54,5196.49450949148,9.294156859874233,0.22840948421772883,0.07994331947620509,7.196494509491481e-05,0.7794741764237221,True
SORTIE_001525,54,18,55,6168.4423727333815,10.59008734419677,0.264685256700072,0.09263983984502519,8.168442372733382e-05,0.9252663559100072,True
SORTIE_001526,54,18,56,3917.0040639279405,7.588169599122848,0.18065537512202,0.063229381292707,5.9170040639279415e-05,0.587550609589191,True
SORTIE_001527,54,19,0,4615.173865183555,8.752892108558246,0.22581862945250622,0.07903652030837717,6.615173865183555e-05,0.6922760797775331,True
SORTIE_001528,54,19,51,6150.475909330371,10.799961500754002,0.28916494161576844,0.10120772956551895,8.150475909330372e-05,0.9225713863995556,True
SORTIE_001529,54,19,52,6664.529332041042,11.485366064368227,0.3103747020715486,0.10863114572504201,8.664529332041041e-05,0.9996793998061562,True
SORTIE_001530,54,19,53,6063.265859229807,10.683681433953248,0.28556666915954043,0.09994833420583915,8.063265859229807e-05,0.909489878884471,True
SORTIE_001531,54,19,54,4673.792516903482,8.83105031085148,0.2282372254705318,0.07988302891468613,6.673792516903482e-05,0.7010688775355222,True
SORTIE_001532,54,19,55,5520.491008045868,9.959981632374664,0.26317186724512437,0.09211015353579352,7.520491008045869e-05,0.8280736512068801,True
SORTIE_001533,54,19,56,3553.0648573917188,7.336746764835798,0.18199618486220873,0.06369866470177304,5.553064857391719e-05,0.5329597286087578,True
SORTIE_001534,54,20,0,2342.9061346592484,5.517048100884271,0.1315873985895752,0.046055589506351316,4.3429061346592486e-05,0.35143592019888725,True
SORTIE_001535,54,20,51,3375.912547748564,6.894389985003358,0.1743619730960669,0.061026690583623415,5.3759125477485645e-05,0.5063868821622846,True
SORTIE_001536,54,20,52,3216.8275676401845,6.682276678192186,0.16777460611723163,0.05872111214103107,5.216827567640185e-05,0.48252413514602766,True
SORTIE_001537,54,20,53,1407.6094295171797,4.269985827361513,0.09285877300425024,0.032500570551487584,3.40760942951718e-05,0.21114141442757695,True
SORTIE_001538,54,20,54,1562.7594167152831,4.4768524769589835,0.09928320038727048,0.03474912013554467,3.562759416715284e-05,0.23441391250729246,True
SORTIE_001539,54,20,55,1475.5340126772207,4.360551938241567,0.09567138394875788,0.03348498438206526,3.475534012677221e-05,0.22133010190158312,True
SORTIE_001540,54,20,56,2954.6533848225927,6.332711101102063,0.156918536905549,0.054921487916942145,4.9546533848225937e-05,0.4431980077233889,True
SORTIE_001541,54,21,0,2998.2065245958925,6.900454774804009,0.1652132704434514,0.057824644655207987,4.998206524595893e-05,0.4497309786893839,True
SORTIE_001542,54,21,51,3470.7634867831475,7.530530724387016,0.18548262685646355,0.06491891939976224,5.470763486783147e-05,0.5206145230174721,True
SORTIE_001543,54,21,52,3149.274685936646,7.101878989925015,0.17169302770001854,0.06009255969500649,5.149274685936647e-05,0.4723912028904969,True
SORTIE_001544,54,21,53,2183.026124729892,5.8135475749826755,0.13024778820971752,0.04558672587340113,4.1830261247298924e-05,0.3274539187094838,True
SORTIE_001545,54,21,54,2787.278319408422,6.619217167887381,0.15616594004604706,0.05465807901611647,4.7872783194084224e-05,0.41809174791126325,True
SORTIE_001546,54,21,55,2784.8511508812308,6.615980943184461,0.1560618316572417,0.05462164108003459,4.784851150881231e-05,0.41772767263218463,True
SORTIE_001547,54,21,56,3892.80403165821,8.093251450887099,0.2035851857209433,0.07125481500233015,5.8928040316582106e-05,0.5839206047487315,True
SORTIE_001548,54,22,0,2855.4539170410426,6.666610570034221,0.1536253247924933,0.05376886367737265,4.8554539170410436e-05,0.42831808755615636,True
SORTIE_001549,54,22,51,4337.965085135084,8.643292127492945,0.21446765649957955,0.07506367977485284,6.337965085135085e-05,0.6506947627702626,True
SORTIE_001550,54,22,52,4865.375993006091,9.346506671320954,0.23611262625982615,0.08263941919093915,6.865375993006092e-05,0.7298063989509137,True
SORTIE_001551,54,22,53,4671.411997153446,9.087888010184091,0.22815233427088238,0.07985331699480883,6.671411997153447e-05,0.7007117995730168,True
SORTIE_001552,54,22,54,3370.594869871359,7.353465173807978,0.17476673499063788,0.06116835724672325,5.37059486987136e-05,0.5055892304807038,True
SORTIE_001553,54,22,55,4349.432147462798,8.658581543929895,0.21493826530500637,0.07522839285675223,6.349432147462798e-05,0.6524148221194196,True
SORTIE_001554,54,22,56,1887.0186131262326,5.3753634981478084,0.11388069199260054,0.03985824219741019,3.887018613126233e-05,0.28305279196893485,True
SORTIE_001555,54,23,0,1750.1167276862475,6.235414305291585,0.10461649930997045,0.03661577475848966,3.750116727686248e-05,0.2625175091529371,True
SORTIE_001556,54,23,51,3092.0934198815435,8.02471656155198,0.15369797691202056,0.05379429191920719,5.092093419881544e-05,0.4638140129822315,True
SORTIE_001557,54,23,52,3073.4969650903117,7.999921288497005,0.15301782986876583,0.05355624045406804,5.073496965090312e-05,0.4610245447635467,True
SORTIE_001558,54,23,53,1410.59516650752,5.782718890386615,0.09219883214978576,0.03226959125242501,3.41059516650752e-05,0.211589274976128,True
SORTIE_001559,54,23,54,631.8355129991671,4.744372685708811,0.06371646377979324,0.022300762322927634,2.6318355129991675e-05,0.09477532694987506,True
SORTIE_001560,54,23,55,1007.0594258020832,5.2446712361126995,0.07743990933521706,0.02710396826732597,3.007059425802084e-05,0.15105891387031245,True
SORTIE_001561,54,23,56,2115.047023139293,6.721988032562312,0.11796346593521609,0.04128721307732563,4.115047023139293e-05,0.3172570534708939,True
SORTIE_001562,54,24,0,4292.4039591945175,10.621901015355569,0.20505504675488098,0.07176926636420834,6.292403959194518e-05,0.6438605938791776,True
SORTIE_001563,54,24,51,5915.960354588458,12.786642875880823,0.2657474442996013,0.09301160550486044,7.91596035458846e-05,0.8873940531882687,True
SORTIE_001564,54,24,52,6357.842249097903,13.37581873522675,0.28226603994892213,0.09879311398212275,8.357842249097903e-05,0.9536763373646854,True
SORTIE_001565,54,24,53,5507.941226956907,12.242617372372086,0.25049471937404943,0.0876731517809173,7.507941226956907e-05,0.826191184043536,True
SORTIE_001566,54,24,54,4129.303160490575,10.404433283750311,0.198957951179461,0.06963528291281135,6.129303160490576e-05,0.6193954740735862,True
SORTIE_001567,54,24,55,4908.844632832455,11.443821913539484,0.22809906452556697,0.07983467258394844,6.908844632832456e-05,0.7363266949248682,True
SORTIE_001568,54,24,56,3289.697453307961,9.284959007506828,0.16757149395154392,0.058650022883040366,5.289697453307962e-05,0.49345461799619417,True
SORTIE_001569,54,25,0,2177.269772785626,6.305171168380043,0.13208130175194074,0.04622845561317926,4.1772697727856265e-05,0.3265904659178439,True
SORTIE_001570,54,25,51,2783.3221591122233,7.113241016815506,0.15809983526387145,0.055334942342355004,4.783322159112223e-05,0.4174983238668335,True
SORTIE_001571,54,25,52,2776.9914579188317,7.104800081890984,0.15782805090187485,0.05523981781565619,4.776991457918832e-05,0.4165487186878247,True
SORTIE_001572,54,25,53,2769.7023006191894,7.095081205491461,0.15751511890498265,0.055130291616743925,4.7697023006191896e-05,0.41545534509287835,True
SORTIE_001573,54,25,54,2578.1739820144753,6.839710114018509,0.14929258552580532,0.05225240493403186,4.578173982014475e-05,0.3867260973021713,True
SORTIE_001574,54,25,55,3081.444878550899,7.510737976067073,0.17089859019229947,0.05981450656730481,5.081444878550899e-05,0.46221673178263484,True
SORTIE_001575,54,25,56,3193.4689019578,7.6601033406096075,0.17570791175082073,0.06149776911278725,5.1934689019578e-05,0.47902033529366994,True
SORTIE_001576,54,26,0,2953.4780875723523,8.426256628078011,0.15082850962062805,0.05278997836721981,4.953478087572353e-05,0.4430217131358528,True
SORTIE_001577,54,26,51,4058.5083295568343,9.89963028405732,0.1911895817288634,0.06691635360510219,6.058508329556835e-05,0.608776249433525,True
SORTIE_001578,54,26,52,4687.086808329133,10.737734922420387,0.21414832108594417,0.07495191238008045,6.687086808329133e-05,0.7030630212493699,True
SORTIE_001579,54,26,53,5046.071672784862,11.216381408361357,0.22726019210048087,0.0795410672351683,7.046071672784862e-05,0.7569107509177293,True
SORTIE_001580,54,26,54,3932.158068185632,9.731163268895717,0.18657465643872906,0.06530112975355516,5.932158068185633e-05,0.5898237102278447,True
SORTIE_001581,54,26,55,4904.969085395042,11.028244625174931,0.2221064402049024,0.07773725407171583,6.904969085395043e-05,0.7357453628092564,True
SORTIE_001582,54,26,56,2749.759384214455,8.154631690267482,0.1433877130128735,0.050185699554505726,4.7497593842144556e-05,0.4124639076321682,True
SORTIE_001583,54,27,0,4130.586998485864,9.325496793414517,0.1973521563618782,0.06907325472665736,6.130586998485865e-05,0.6195880497728795,True
SORTIE_001584,54,27,51,5817.427166938458,11.574617018017976,0.2615001327321258,0.09152504645624403,7.81742716693846e-05,0.8726140750407687,True
SORTIE_001585,54,27,52,6146.415326835255,12.013267897880372,0.2740110540996851,0.0959038689348898,8.146415326835256e-05,0.9219622990252883,True
SORTIE_001586,54,27,53,4911.60637226522,10.366855958453659,0.22705314005369004,0.07946859901879151,6.911606372265222e-05,0.7367409558397829,True
SORTIE_001587,54,27,54,3608.5534161601804,8.629452016980274,0.17750001000575777,0.06212500350201521,5.6085534161601814e-05,0.541283012424027,True
SORTIE_001588,54,27,55,4219.614019462077,9.444199488049467,0.2007377191109171,0.07025820168882098,6.219614019462078e-05,0.6329421029193114,True
SORTIE_001589,54,27,56,3314.5013867756197,8.237382644467527,0.16631765676011045,0.05821117986603865,5.314501386775621e-05,0.49717520801634296,True
SORTIE_001590,54,28,0,2538.832304259996,6.507661869234876,0.14062201993382387,0.04921770697683835,4.538832304259997e-05,0.3808248456389994,True
SORTIE_001591,54,28,51,4071.067940872369,8.550642718051373,0.20286411306070692,0.07100243957124742,6.07106794087237e-05,0.6106601911308552,True
SORTIE_001592,54,28,52,4570.30992316879,9.216298694446602,0.2231441961056653,0.07810046863698285,6.570309923168791e-05,0.6855464884753185,True
SORTIE_001593,54,28,53,4340.487087517231,8.90986824691119,0.2138083903082392,0.07483293660788372,6.340487087517233e-05,0.6510730631275846,True
SORTIE_001594,54,28,54,3051.7501988840995,7.191552395400348,0.1614576424717656,0.05651017486511796,5.0517501988841e-05,0.4577625298326149,True
SORTIE_001595,54,28,55,4034.1612696583265,8.501433823099317,0.20136489948557665,0.07047771481995183,6.034161269658327e-05,0.605124190448749,True
SORTIE_001596,54,28,56,1628.8001025861436,5.294285600336407,0.1036549192532281,0.03627922173862983,3.628800102586144e-05,0.24432001538792153,True
SORTIE_001597,54,29,0,1658.0102122782891,5.572370929266619,0.1063646923986339,0.03722764233952186,3.658010212278289e-05,0.24870153184174337,True
SORTIE_001598,54,29,51,2830.9465532181166,7.136286050519722,0.15441229035066611,0.05404430162273314,4.830946553218118e-05,0.4246419829827175,True
SORTIE_001599,54,29,52,2810.177333671511,7.1085937577909135,0.15356151006897303,0.05374652852414056,4.810177333671512e-05,0.4215266000507266,True
SORTIE_001600,54,29,53,1669.732624105719,5.588000811703191,0.10684488361690685,0.03739570926591739,3.669732624105719e-05,0.2504598936158578,True
SORTIE_001601,54,29,54,1178.2485532437688,4.932688717220591,0.0867119674369191,0.030349188602921684,3.1782485532437696e-05,0.1767372829865653,True
SORTIE_001602,54,29,55,1678.6266376135377,5.599859496380283,0.10720921369202517,0.037523224792208806,3.678626637613538e-05,0.25179399564203064,True
SORTIE_001603,54,29,56,2332.286234331272,6.471405625337262,0.1339854098114294,0.04689489343400029,4.332286234331273e-05,0.3498429351496908,True
SORTIE_001604,54,30,0,4410.934014266251,10.330951642626733,0.21066413774827714,0.07373244821189699,6.410934014266252e-05,0.6616401021399377,True
SORTIE_001605,54,30,51,4888.255781749282,10.96738066593744,0.2288293987664784,0.08009028956826743,6.888255781749282e-05,0.7332383672623922,True
SORTIE_001606,54,30,52,5655.175217172047,11.989939913167794,0.2580157729765786,0.09030552054180249,7.655175217172048e-05,0.8482762825758071,True
SORTIE_001607,54,30,53,6527.891714627964,13.153561909775682,0.29122842752357814,0.10192994963325235,8.527891714627965e-05,0.9791837571941945,True
SORTIE_001608,54,30,54,5506.733171294258,11.792017185330742,0.2523665679892076,0.08832829879622266,7.506733171294259e-05,0.8260099756941386,True
SORTIE_001609,54,30,55,6465.598062315883,13.070503706692909,0.2888577406387269,0.10110020922355441,8.465598062315884e-05,0.9698397093473824,True
SORTIE_001610,54,30,56,4296.408434842357,10.17825087006154,0.20630567939749644,0.07220698778912375,6.296408434842358e-05,0.6444612652263534,True
SORTIE_001611,54,31,0,5406.468329173496,9.647144171476091,0.2340684645773068,0.08192396260205737,7.406468329173498e-05,0.8109702493760245,True
SORTIE_001612,54,31,51,6134.548008913941,10.617917077796683,0.2609097859786497,0.0913184250925274,8.134548008913942e-05,0.9201822013370912,True
SORTIE_001613,54,31,52,6891.134513943185,11.626699084502341,0.2888020374924514,0.10108071312235799,8.891134513943186e-05,1.0336701770914778,True
SORTIE_001614,54,31,53,7493.370580405677,12.429680506452332,0.3110040193210926,0.1088514067623824,9.493370580405678e-05,1.1240055870608514,True
SORTIE_001615,54,31,54,6303.94884422282,10.843784858208522,0.2671549022656508,0.09350421579297778,8.303948844222821e-05,0.9455923266334231,True
SORTIE_001616,54,31,55,7289.471213817147,12.15781468433429,0.303487083215852,0.10622047912554819,9.289471213817148e-05,1.093420682072572,True
SORTIE_001617,54,31,56,4864.62725092801,8.924689400482107,0.2140929990694354,0.07493254967430239,6.86462725092801e-05,0.7296940876392014,True
SORTIE_001618,54,32,0,1384.6573009768738,6.609121152098183,0.09746112162937434,0.034111392570281014,3.384657300976874e-05,0.20769859514653108,True
SORTIE_001619,54,32,51,2749.600870217,8.429045911085018,0.15011019277210924,0.05253856747023823,4.749600870217001e-05,0.41244013053255,True
SORTIE_001620,54,32,52,2787.004953608005,8.478918022273024,0.15155295589569984,0.05304353456349494,4.787004953608005e-05,0.41805074304120077,True
SORTIE_001621,54,32,53,1505.019127762229,6.769603587811989,0.10210375926223965,0.035736315741783875,3.505019127762229e-05,0.22575286916433432,True
SORTIE_001622,54,32,54,559.7649382763578,5.509264668497495,0.06564309071026769,0.022975081748593692,2.5597649382763582e-05,0.08396474074145367,True
SORTIE_001623,54,32,55,1282.66940288649,6.4731372879776705,0.0935272094711978,0.03273452331491923,3.28266940288649e-05,0.19240041043297348,True
SORTIE_001624,54,32,56,1857.5759555522397,7.2396793581986705,0.11570270205113947,0.040495945717898815,3.85757595555224e-05,0.27863639333283596,True
SORTIE_001625,54,33,0,4546.379066135169,8.408308945842956,0.20893519672565072,0.07312731885397775,6.546379066135169e-05,0.6819568599202752,True
SORTIE_001626,54,33,51,6152.107171821261,10.549279753424413,0.2705839810418675,0.09470439336465361,8.152107171821261e-05,0.922816075773189,True
SORTIE_001627,54,33,52,6611.740980950743,11.162124832263723,0.2882307205260452,0.10088075218411581,8.611740980950743e-05,0.9917611471426114,True
SORTIE_001628,54,33,53,5797.880493166661,10.076977515218278,0.2569841417950502,0.08994444962826756,7.797880493166663e-05,0.8696820739749991,True
SORTIE_001629,54,33,54,4418.013235795656,8.237154505390272,0.204006842192807,0.07140239476748245,6.418013235795657e-05,0.6627019853693484,True
SORTIE_001630,54,33,55,5199.211915544853,9.278752745055868,0.23399943480262106,0.08189980218091737,7.199211915544853e-05,0.7798817873317279,True
SORTIE_001631,54,33,56,3522.954602384951,7.043742994176,0.16964281976204346,0.05937498691671521,5.5229546023849517e-05,0.5284431903577427,True
SORTIE_001632,54,34,0,2421.2956540808764,5.388540003322694,0.12271464564432819,0.04295012597551486,4.421295654080876e-05,0.3631943481121314,True
SORTIE_001633,54,34,51,4104.54187619786,7.632868299478673,0.184637516921775,0.06462313092262124,6.104541876197861e-05,0.615681281429679,True
SORTIE_001634,54,34,52,4362.570716801299,7.976906753616592,0.19412982201215,0.0679454377042525,6.362570716801299e-05,0.6543856075201948,True
SORTIE_001635,54,34,53,3174.7395524225863,6.393131867778308,0.15043216487518313,0.05265125770631409,5.174739552422587e-05,0.4762109328633879,True
SORTIE_001636,54,34,54,1811.8012561156781,4.575880806035764,0.10029270721748473,0.03510244752611966,3.811801256115678e-05,0.27177018841735173,True
SORTIE_001637,54,34,55,2591.385233865033,5.61532610970157,0.12897186162153854,0.045140151567538485,4.5913852338650335e-05,0.38870778507975495,True
SORTIE_001638,54,34,56,1958.4276634530165,4.771382682485548,0.105686765453365,0.03699036790867775,3.9584276634530176e-05,0.29376414951795243,True
SORTIE_001639,54,35,0,2603.6618842717216,6.425522469885111,0.14399563902340085,0.05039847365819029,4.603661884271722e-05,0.3905492826407583,True
SORTIE_001640,54,35,51,4282.035113415161,8.663353442076362,0.21308587583350738,0.07458005654172759,6.28203511341516e-05,0.6423052670122741,True
SORTIE_001641,54,35,52,4650.613035517855,9.154790671546621,0.22825838661887562,0.07989043531660646,6.650613035517856e-05,0.6975919553276783,True
SORTIE_001642,54,35,53,3823.4905279371346,8.051960661438994,0.19420988719846613,0.06797346051946314,5.823490527937135e-05,0.5735235791905702,True
SORTIE_001643,54,35,54,2434.5841311754566,6.200085465756757,0.13703555303185805,0.047962443561150314,4.434584131175457e-05,0.3651876196763185,True
SORTIE_001644,54,35,55,3326.356031752537,7.389114666526198,0.17374534482406476,0.06081087068842266,5.326356031752538e-05,0.4989534047628805,True
SORTIE_001645,54,35,56,1842.0998721668789,5.41010645374532,0.11264593750989553,0.03942607812846343,3.842099872166879e-05,0.2763149808250318,True
SORTIE_001646,54,36,0,2220.5459280835853,5.091153090149822,0.12795049315712054,0.044782672604992184,4.220545928083586e-05,0.33308188921253773,True
SORTIE_001647,54,36,51,2861.9910241801476,5.946413218278573,0.15522796805983194,0.05432978882094117,4.8619910241801485e-05,0.4292986536270222,True
SORTIE_001648,54,36,52,2785.247628225434,5.844088690338954,0.15196445249187066,0.05318755837215473,4.785247628225435e-05,0.4177871442338151,True
SORTIE_001649,54,36,53,2512.282384423678,5.480135031936613,0.14035659605579306,0.04912480861952757,4.512282384423679e-05,0.37684235766355173,True
SORTIE_001650,54,36,54,2426.139781532503,5.3652782280817135,0.13669337888768718,0.04784268261069051,4.426139781532504e-05,0.3639209672298755,True
SORTIE_001651,54,36,55,2849.297043701854,5.929487910974181,0.15468815610083608,0.054140854635292626,4.849297043701855e-05,0.4273945565552781,True
SORTIE_001652,54,36,56,3194.451380455022,6.389693693311738,0.1693658562121005,0.059278049674235174,5.1944513804550226e-05,0.4791677070682533,True
SORTIE_001653,54,37,0,2080.565030922512,6.487784663125001,0.11903530064698317,0.041662355226444105,4.080565030922512e-05,0.3120847546383768,True
SORTIE_001654,54,37,51,3449.4293146398295,8.312937041414758,0.17113046176315,0.0598956616171025,5.449429314639829e-05,0.5174143971959744,True
SORTIE_001655,54,37,52,3421.53235809728,8.275741099358024,0.1700687813153351,0.059524073460367276,5.42153235809728e-05,0.513229853714592,True
SORTIE_001656,54,37,53,1587.773710132138,5.830729568737835,0.10028103584616037,0.03509836254615613,3.587773710132138e-05,0.23816605651982067,True
SORTIE_001657,54,37,54,884.892385878191,4.893554469732573,0.07353133080373138,0.02573596578130598,2.884892385878191e-05,0.13273385788172865,True
SORTIE_001658,54,37,55,1003.8038552554619,5.052103095568934,0.07805677005249793,0.027319869518374274,3.003803855255462e-05,0.1505705782883193,True
SORTIE_001659,54,37,56,2345.9965027165804,6.841693292183759,0.1291368829973258,0.04519790904906403,4.34599650271658e-05,0.35189947540748706,True
SORTIE_001660,54,38,0,1304.433519958815,5.310503539431331,0.08721615658631988,0.03052565480521196,3.304433519958815e-05,0.1956650279938222,True
SORTIE_001661,54,38,51,2886.422185378341,7.4198217599907,0.14534598022374534,0.050871093078310864,4.8864221853783417e-05,0.4329633278067512,True
SORTIE_001662,54,38,52,3051.157407125408,7.639468722320122,0.15139913951391618,0.05298969882987066,5.051157407125409e-05,0.45767361106881116,True
SORTIE_001663,54,38,53,1956.7691104170408,6.180284326708966,0.11118608358683758,0.03891512925539315,3.9567691104170415e-05,0.2935153665625561,True
SORTIE_001664,54,38,54,609.8881876159487,4.38444309630751,0.061695241955379,0.02159333468438265,2.609888187615949e-05,0.0914832281423923,True
SORTIE_001665,54,38,55,1595.2997313806868,5.698325154660494,0.09790397119689782,0.03426638991891424,3.5952997313806874e-05,0.239294959707103,True
SORTIE_001666,54,38,56,1488.7075689453568,5.556202271413387,0.0939872657621883,0.0328955430167659,3.488707568945357e-05,0.22330613534180352,True
SORTIE_001667,54,39,0,1964.4349846814068,7.393772253296062,0.12706446186002948,0.044472561651010316,3.964434984681408e-05,0.29466524770221103,True
SORTIE_001668,54,39,51,2949.0356311395544,8.706573115240259,0.1686482922071001,0.05902690227248503,4.949035631139555e-05,0.4423553446709331,True
SORTIE_001669,54,39,52,2859.900408816531,8.587726152142894,0.16488373652011923,0.057709307782041724,4.859900408816531e-05,0.42898506132247965,True
SORTIE_001670,54,39,53,1770.8641265869471,7.135677775836783,0.11888914961329,0.041611202364651496,3.770864126586948e-05,0.26562961898804205,True
SORTIE_001671,54,39,54,1615.5937198395482,6.9286505668402505,0.11233142666710776,0.039315999333487714,3.615593719839549e-05,0.24233905797593222,True
SORTIE_001672,54,39,55,1952.7675532177773,7.378215678011223,0.12657169711087465,0.044300093988806126,3.952767553217778e-05,0.2929151329826666,True
SORTIE_001673,54,39,56,2735.4394323955717,8.421778183581615,0.15962722552051986,0.055869528932181944,4.7354394323955725e-05,0.4103159148593358,True
SORTIE_001674,54,40,0,1469.261779245197,6.897727747420041,0.10691200397174264,0.03741920139010992,3.4692617792451974e-05,0.22038926688677954,True
SORTIE_001675,54,40,51,3093.805131167577,9.063785549983216,0.1756383505379819,0.061473422688293665,5.093805131167578e-05,0.4640707696751366,True
SORTIE_001676,54,40,52,3287.5604571428003,9.322125984616846,0.1838351743815995,0.06434231103355982,5.2875604571428006e-05,0.49313406857142,True
SORTIE_001677,54,40,53,2190.0558930602915,7.858786565840167,0.1374052167323267,0.048091825856314344,4.1900558930602914e-05,0.32850838395904375,True
SORTIE_001678,54,40,54,809.4918750157672,6.018034541780802,0.07900042190260943,0.0276501476659133,2.809491875015767e-05,0.12142378125236507,True
SORTIE_001679,54,40,55,1773.104805338584,7.302851782211224,0.11976609068375223,0.041918131739313275,3.773104805338584e-05,0.26596572080078756,True
SORTIE_001680,54,40,56,1499.8484597259394,6.938509988061031,0.10820597424378421,0.03787209098532447,3.4998484597259394e-05,0.2249772689588909,True
SORTIE_001681,54,41,0,3701.18981122046,9.271908812028334,0.19726622570720845,0.06904317899752295,5.70118981122046e-05,0.555178471683069,True
SORTIE_001682,54,41,51,4994.061693810093,10.995737988814511,0.2513811144024847,0.08798339004086964,6.994061693810095e-05,0.749109254071514,True
SORTIE_001683,54,41,52,5604.317167686606,11.809411953983195,0.2769241767037263,0.09692346184630421,7.604317167686607e-05,0.8406475751529908,True
SORTIE_001684,54,41,53,5613.6980545305505,11.821919803108454,0.2773168263190975,0.09706088921168411,7.613698054530552e-05,0.8420547081795825,True
SORTIE_001685,54,41,54,4321.29648212692,10.09871770657028,0.22322162308818203,0.0781275680808637,6.32129648212692e-05,0.6481944723190379,True
SORTIE_001686,54,41,55,5299.204491454579,11.402595052340493,0.264153275939188,0.0924536465787158,7.299204491454579e-05,0.7948806737181868,True
SORTIE_001687,54,41,56,2836.085830849797,8.118436838200783,0.16105613695980062,0.05636964793593021,4.836085830849797e-05,0.4254128746274695,True
SORTIE_001688,54,42,0,3084.5779828131854,8.685487076118585,0.16714430993068857,0.058500508475740995,5.084577982813186e-05,0.46268669742197777,True
SORTIE_001689,54,42,51,4397.125805514506,10.435550839720348,0.21984635521083656,0.07694622432379279,6.397125805514507e-05,0.659568870827176,True
SORTIE_001690,54,42,52,4294.800433440614,10.29911701028849,0.21573773813870006,0.07550820834854502,6.294800433440615e-05,0.6442200650160922,True
SORTIE_001691,54,42,53,2098.6319155903766,7.3708923198215075,0.12755613388113335,0.04464464685839667,4.098631915590377e-05,0.3147947873385565,True
SORTIE_001692,54,42,54,1883.430611633304,7.083957247878744,0.1189152686346764,0.04162034402213674,3.883430611633304e-05,0.2825145917449956,True
SORTIE_001693,54,42,55,1269.3142762171829,6.265135467323916,0.09425697706114043,0.03298994197139915,3.269314276217183e-05,0.19039714143257744,True
SORTIE_001694,54,42,56,3296.108477789479,8.967527736086977,0.17563778310672046,0.06147322408735215,5.29610847778948e-05,0.49441627166842184,True
SORTIE_001695,54,43,0,3592.737153581444,7.5897061572777975,0.1766578695810306,0.06183025435336071,5.5927371535814445e-05,0.5389105730372166,True
SORTIE_001696,54,43,51,5193.235653844855,9.723704157629012,0.23923036111744947,0.08373062639110732,7.193235653844856e-05,0.7789853480767283,True
SORTIE_001697,54,43,52,5656.5122374823695,10.341406269145697,0.25734244938489137,0.09006985728471198,7.656512237482369e-05,0.8484768356223553,True
SORTIE_001698,54,43,53,5000.570661987376,9.46681750181904,0.23169800256142323,0.08109430089649812,7.000570661987377e-05,0.7500855992981065,True
SORTIE_001699,54,43,54,3611.780793999916,7.6150976778357595,0.17740239263351168,0.062090837421729085,5.611780793999916e-05,0.5417671190999874,True
SORTIE_001700,54,43,55,4487.653087016233,8.782927401857515,0.21164516863906704,0.07407580902367346,6.487653087016233e-05,0.673147963052435,True
SORTIE_001701,54,43,56,2564.2024955882757,6.218326613286905,0.13644666277790093,0.04775633197226532,4.564202495588276e-05,0.3846303743382413,True
SORTIE_001702,54,44,0,2926.9170886155216,6.60026593974065,0.15212157142915922,0.053242550000205724,4.926917088615522e-05,0.43903756329232824,True
SORTIE_001703,54,44,51,4295.957966654819,8.42565377712638,0.20653429404956114,0.0722870029173464,6.295957966654818e-05,0.6443936949982229,True
SORTIE_001704,54,44,52,4865.438996648129,9.184961817117461,0.2291683978368677,0.08020893924290369,6.86543899664813e-05,0.7298158494972194,True
SORTIE_001705,54,44,53,4870.169162601357,9.191268705055098,0.22935639894924503,0.08027473963223576,6.870169162601357e-05,0.7305253743902035,True
SORTIE_001706,54,44,54,3622.5958201741,7.527837581818755,0.1797714206487261,0.06291999722705413,5.6225958201741e-05,0.543389373026115,True
SORTIE_001707,54,44,55,4607.966418237066,8.84166504590271,0.21893511392535642,0.07662728987387474,6.607966418237066e-05,0.6911949627355599,True
SORTIE_001708,54,44,56,2207.936326220019,5.641624923213314,0.12354557971029938,0.04324095289860478,4.207936326220019e-05,0.33119044893300287,True
SORTIE_001709,54,45,0,3455.019490947564,7.7450848937775385,0.17217752981561452,0.060262135435465075,5.455019490947564e-05,0.5182529236421346,True
SORTIE_001710,54,45,51,5110.290171802125,9.952112468250286,0.23667473335790756,0.08283615667526764,7.110290171802125e-05,0.7665435257703187,True
SORTIE_001711,54,45,52,5284.852395936335,10.184862100429232,0.24347650628302636,0.08521677719905922,7.284852395936336e-05,0.7927278593904501,True
SORTIE_001712,54,45,53,3661.161996044336,8.0199415672399,0.18020982040332706,0.06307343714116447,5.6611619960443365e-05,0.5491742994066503,True
SORTIE_001713,54,45,54,2533.6722161999974,6.516621860780782,0.13627746621885456,0.047697113176599096,4.533672216199998e-05,0.38005083242999954,True
SORTIE_001714,54,45,55,2904.6050186183666,7.011198930671942,0.1507307690742761,0.052755769175996635,4.904605018618368e-05,0.435690752792755,True
SORTIE_001715,54,45,56,3007.8486085714667,7.148857050609409,0.15475362945153134,0.054163770308035965,5.007848608571468e-05,0.45117729128572,True
SORTIE_001716,54,46,0,4698.883669447549,11.014222284544598,0.2248004579297921,0.07868016027542724,6.69888366944755e-05,0.7048325504171323,True
SORTIE_001717,54,46,51,6385.516111224899,13.263065540247732,0.2896989292629746,0.1013946252420411,8.385516111224899e-05,0.9578274166837347,True
SORTIE_001718,54,46,52,6625.379009504178,13.582882737953437,0.2989284063216916,0.10462494221259205,8.625379009504179e-05,0.9938068514256266,True
SORTIE_001719,54,46,53,5052.738805165112,11.486029132168017,0.23841614372631684,0.08344565030421089,7.052738805165114e-05,0.7579108207747668,True
SORTIE_001720,54,46,54,3915.775728324604,9.970078363047339,0.19466792459953144,0.068133773609836,5.915775728324605e-05,0.5873663592486906,True
SORTIE_001721,54,46,55,4273.772815987013,10.447407813263885,0.20844298498348715,0.0729550447442205,6.273772815987013e-05,0.6410659223980519,True
SORTIE_001722,54,46,56,4020.8429986243545,10.110168056780338,0.1987107172440383,0.0695487510354134,6.0208429986243555e-05,0.6031264497936532,True
SORTIE_001723,54,47,0,4760.965606623278,10.893635608485244,0.22742508877140774,0.0795987810699927,6.760965606623279e-05,0.7141448409934917,True
SORTIE_001724,54,47,51,5727.170245624791,12.181908460487263,0.2648157864678684,0.09268552526375394,7.727170245624793e-05,0.8590755368437187,True
SORTIE_001725,54,47,52,6434.616236631255,13.125169781829213,0.2921929052670821,0.10226751684347872,8.434616236631257e-05,0.9651924354946881,True
SORTIE_001726,54,47,53,6795.965965628055,13.606969420491613,0.30617660802965607,0.10716181281037962,8.795965965628056e-05,1.0193948948442082,True
SORTIE_001727,54,47,54,5556.159693844287,11.953894391446589,0.25819792976709993,0.09036927541848497,7.556159693844288e-05,0.833423954076643,True
SORTIE_001728,54,47,55,6540.457468549461,13.266291424386822,0.2962888051900676,0.10370108181652365,8.540457468549461e-05,0.981068620282419,True
SORTIE_001729,54,47,56,4088.233776857276,9.996659835463909,0.20139135692805646,0.07048697492481976,6.088233776857276e-05,0.6132350665285914,True
SORTIE_001730,54,48,0,4564.283293265064,9.984463945489614,0.23243522869682431,0.0813523300438885,6.564283293265065e-05,0.6846424939897595,True
SORTIE_001731,54,48,51,6167.615027522192,12.122239591165785,0.29982445243545636,0.10493855835240971,8.167615027522194e-05,0.9251422541283286,True
SORTIE_001732,54,48,52,6629.486767776174,12.738068578171095,0.3192372647546413,0.11173304266412445,8.629486767776175e-05,0.9944230151664261,True
SORTIE_001733,54,48,53,5822.149922479781,11.661619451109237,0.28530429746055364,0.09985650411119376,7.822149922479782e-05,0.8733224883719671,True
SORTIE_001734,54,48,54,4441.8336975504935,9.821197817870187,0.22728858123391643,0.07955100343187074,6.441833697550495e-05,0.6662750546325741,True
SORTIE_001735,54,48,55,5224.605564951838,10.86489364107198,0.26018906426031696,0.09106617249111093,7.224605564951837e-05,0.7836908347427757,True
SORTIE_001736,54,48,56,3538.58784663598,8.616870016650836,0.18932448719290895,0.06626357051751813,5.538587846635981e-05,0.530788176995397,True
SORTIE_001737,54,49,0,1224.3079011197515,5.71680492128183,0.09220053368224851,0.03227018678878698,3.2243079011197524e-05,0.18364618516796272,True
SORTIE_001738,54,49,51,2716.82575435023,7.706828725589135,0.15420607169459374,0.05397212509310781,4.7168257543502305e-05,0.40752386315253447,True
SORTIE_001739,54,49,52,2808.402388358837,7.828930904267278,0.1580105544676293,0.05530369406367025,4.8084023883588374e-05,0.4212603582538256,True
SORTIE_001740,54,49,53,1498.574939525904,6.082494305823367,0.1035947526784349,0.036258163437452216,3.498574939525904e-05,0.2247862409288856,True
SORTIE_001741,54,49,54,140.67916024699664,4.271966600118157,0.04718198804942816,0.016513695817299855,2.1406791602469966e-05,0.021101874037049495,True
SORTIE_001742,54,49,55,1121.6908990911197,5.579982251910321,0.08793738707651295,0.030778085476779533,3.12169089909112e-05,0.16825363486366793,True
SORTIE_001743,54,49,56,1496.381713420043,6.079570004348885,0.10350363674010137,0.03622627285903548,3.496381713420043e-05,0.22445725701300645,True
SORTIE_001744,54,50,0,3480.573880440997,6.926052418611134,0.16405259402211886,0.057418407907741595,5.480573880440997e-05,0.5220860820661496,True
SORTIE_001745,54,50,51,5028.106515138794,8.989429264874863,0.22181381608814088,0.0776348356308493,7.028106515138795e-05,0.7542159772708191,True
SORTIE_001746,54,50,52,5528.996919946617,9.65728313795196,0.24050941012871124,0.08417829354504892,7.528996919946617e-05,0.8293495379919925,True
SORTIE_001747,54,50,53,5055.419580104804,9.025846684829542,0.2228332685865455,0.07799164400529092,7.055419580104804e-05,0.7583129370157206,True
SORTIE_001748,54,50,54,3679.97372369085,7.191918876277604,0.17149513731176902,0.06002329805911915,5.67997372369085e-05,0.5519960585536274,True
SORTIE_001749,54,50,55,4602.906167290711,8.422495467744085,0.20594333221986433,0.0720801662769525,6.602906167290711e-05,0.6904359250936066,True
SORTIE_001750,54,50,56,2417.2121144411935,5.5082367306113955,0.1243629139951601,0.043527019898306034,4.4172121144411936e-05,0.36258181716617904,True
SORTIE_001751,55,1,0,2695.305279390446,7.0537153650350755,0.1517169848724782,0.053100944705367366,4.695305279390446e-05,0.40429579190856685,True
SORTIE_001752,55,1,51,3446.8407131180406,8.055762610005203,0.18319064746970054,0.06411672661439519,5.4468407131180414e-05,0.517026106967706,True
SORTIE_001753,55,1,52,3163.4408903431863,7.67789617963873,0.17132210474791926,0.05996273666177174,5.163440890343187e-05,0.4745161335514779,True
SORTIE_001754,55,1,53,1309.4761180968396,5.2059431499769335,0.09367964227692437,0.03278787479692353,3.30947611809684e-05,0.19642141771452595,True
SORTIE_001755,55,1,54,2113.0117152493744,6.277323946180314,0.12733102734096283,0.04456585956933699,4.1130117152493755e-05,0.31695175728740616,True
SORTIE_001756,55,1,55,1867.8563704905162,5.950450153168503,0.11706413072030024,0.04097244575210508,3.867856370490517e-05,0.2801784555735774,True
SORTIE_001757,55,1,56,3435.5521580814334,8.040711203289725,0.1827178924185247,0.06395126234648364,5.4355521580814336e-05,0.515332823712215,True
SORTIE_001758,55,2,0,5153.575029098627,10.291901575302363,0.26010411687178364,0.09103644090512426,7.153575029098628e-05,0.773036254364794,True
SORTIE_001759,55,2,51,6723.7013394895985,12.385403322490324,0.3275642565107734,0.11464748977877069,8.7237013394896e-05,1.0085552009234398,True
SORTIE_001760,55,2,52,7212.655773591623,13.037342567959692,0.3485720787371345,0.12200022755799708,9.212655773591623e-05,1.0818983660387436,True
SORTIE_001761,55,2,53,6547.772649144415,12.150831735363415,0.32000551812224504,0.11200193134278576,8.547772649144416e-05,0.9821658973716622,True
SORTIE_001762,55,2,54,5158.625277405146,10.298635239711057,0.2603210997054033,0.09111238489689115,7.158625277405148e-05,0.773793791610772,True
SORTIE_001763,55,2,55,5998.805771318838,11.418875898262646,0.2964192741428851,0.10374674595000978,7.998805771318839e-05,0.8998208656978257,True
SORTIE_001764,55,2,56,4103.250181527419,8.89146844520742,0.21497713542160274,0.07524199739756095,6.10325018152742e-05,0.6154875272291128,True
SORTIE_001765,55,3,0,2659.9605882606647,6.863348498596027,0.14126322619289083,0.04944212916751179,4.659960588260665e-05,0.3989940882390997,True
SORTIE_001766,55,3,51,3486.8367631083065,7.9658500650595485,0.17328068448688974,0.060648239570411405,5.486836763108307e-05,0.523025514466246,True
SORTIE_001767,55,3,52,3202.9389330526506,7.587319624985341,0.1622878814408489,0.05680075850429711,5.202938933052651e-05,0.4804408399578976,True
SORTIE_001768,55,3,53,960.835775483818,4.597848748226898,0.07547144323408769,0.02641500513193069,2.9608357754838183e-05,0.1441253663225727,True
SORTIE_001769,55,3,54,1926.574044700819,5.885499773849565,0.11286577832092383,0.03950302241232334,3.926574044700819e-05,0.28898610670512287,True
SORTIE_001770,55,3,55,1489.3825757133563,5.302577815199616,0.09593729489064794,0.03357805321172678,3.489382575713356e-05,0.22340738635700344,True
SORTIE_001771,55,3,56,3326.6026419430927,7.752204570172596,0.16707626180821225,0.058476691632874285,5.326602641943093e-05,0.4989903962914639,True
SORTIE_001772,55,4,0,4006.3223245282306,7.762510366366806,0.20368586415815165,0.07129005245535307,6.006322324528231e-05,0.6009483486792346,True
SORTIE_001773,55,4,51,5004.806945199699,9.093823193928763,0.24580598280004484,0.08603209398001568,7.0048069451997e-05,0.7507210417799549,True
SORTIE_001774,55,4,52,5653.736586446683,9.95906271559141,0.27318045899496407,0.09561316064823742,7.653736586446684e-05,0.8480604879670024,True
SORTIE_001775,55,4,53,6116.900339272774,10.576614386026197,0.29271857887761205,0.10245150260716421,8.116900339272774e-05,0.917535050890916,True
SORTIE_001776,55,4,54,5040.785854117883,9.141795072486342,0.24732371865782965,0.08656330153024037,7.040785854117883e-05,0.7561178781176824,True
SORTIE_001777,55,4,55,6006.136549145384,10.42892933252301,0.2880461143400472,0.10081614001901651,8.006136549145385e-05,0.9009204823718076,True
SORTIE_001778,55,4,56,3906.3819815798297,7.629256575768938,0.19946997638687353,0.06981449173540573,5.90638198157983e-05,0.5859572972369744,True
SORTIE_001779,55,5,0,3891.973207352584,8.03299896132047,0.18100064728197535,0.06335022654869137,5.8919732073525846e-05,0.5837959811028876,True
SORTIE_001780,55,5,51,5231.982386569218,9.81967786694265,0.23079542883379306,0.08077840009182756,7.231982386569219e-05,0.7847973579853826,True
SORTIE_001781,55,5,52,5809.204390451648,10.589307205452554,0.252245015923212,0.08828575557312421,7.809204390451648e-05,0.871380658567747,True
SORTIE_001782,55,5,53,5864.708654578472,10.66331289095499,0.25430755605372474,0.08900764461880366,7.864708654578473e-05,0.8797062981867708,True
SORTIE_001783,55,5,54,4635.708515132983,9.024646038361002,0.2086378737709379,0.07302325581982826,6.635708515132984e-05,0.6953562772699474,True
SORTIE_001784,55,5,55,5621.3088957505925,10.338779879184482,0.2452628136679414,0.08584198478377948,7.621308895750594e-05,0.8431963343625889,True
SORTIE_001785,55,5,56,3256.413641091872,7.185586206306187,0.1573832346134881,0.05508413211472083,5.256413641091873e-05,0.48846204616378075,True
SORTIE_001786,55,6,0,2103.8670208237913,5.128378865632746,0.12158015086265957,0.04255305280193085,4.1038670208237916e-05,0.3155800531235687,True
SORTIE_001787,55,6,51,3318.758172683365,6.748233734778843,0.17198472406077497,0.060194653421271234,5.318758172683365e-05,0.4978137259025048,True
SORTIE_001788,55,6,52,3198.939636521857,6.5884756865635,0.16701357733112798,0.05845475206589479,5.1989396365218574e-05,0.47984094547827855,True
SORTIE_001789,55,6,53,1130.5700160808638,3.8306495259755082,0.08119906812616935,0.02841967384415927,3.1305700160808643e-05,0.16958550241212958,True
SORTIE_001790,55,6,54,1010.8404945027567,3.6710101638713653,0.07623161451921724,0.026681065081726033,3.0108404945027574e-05,0.1516260741754135,True
SORTIE_001791,55,6,55,599.1920592929769,3.122145583591659,0.059152748109941346,0.02070346183847947,2.5991920592929774e-05,0.08987880889394653,True
SORTIE_001792,55,6,56,2496.50057681191,5.651890273616903,0.13787010966476876,0.04825453838266906,4.49650057681191e-05,0.37447508652178646,True
SORTIE_001793,55,7,0,4656.367669519419,9.873047634200343,0.2166537396931224,0.07582880889259283,6.65636766951942e-05,0.6984551504279128,True
SORTIE_001794,55,7,51,6347.246969183991,12.127553367086438,0.28092659470279413,0.09832430814597794,8.347246969183991e-05,0.9520870453775986,True
SORTIE_001795,55,7,52,6644.832322479913,12.524333838147665,0.2922382597454645,0.10228339091091258,8.644832322479914e-05,0.9967248483719869,True
SORTIE_001796,55,7,53,5310.460136736672,10.745170923823348,0.24151677416087697,0.08453087095630693,7.310460136736672e-05,0.7965690205105008,True
SORTIE_001797,55,7,54,4042.457155362554,9.054500281991189,0.1933180814511979,0.06766132850791926,6.042457155362555e-05,0.6063685733043832,True
SORTIE_001798,55,7,55,4595.803398349206,9.792295272640057,0.21435160102452455,0.07502306035858358,6.595803398349207e-05,0.6893705097523809,True
SORTIE_001799,55,7,56,3901.1519908805794,8.866093396015224,0.18794686048310782,0.06578140116908773,5.901151990880581e-05,0.5851727986320869,True
SORTIE_001800,55,8,0,4010.8344148213214,8.299195898229907,0.20609708422511727,0.07213397947879104,6.0108344148213224e-05,0.6016251622231982,True
SORTIE_001801,55,8,51,5387.836050339651,10.135198078921015,0.26421829659199214,0.09247640380719724,7.387836050339652e-05,0.8081754075509476,True
SORTIE_001802,55,8,52,5957.5186948645805,10.894774938287586,0.2882637625595709,0.10089231689584982,7.957518694864582e-05,0.893627804229687,True
SORTIE_001803,55,8,53,5930.503233081188,10.858754322576397,0.28712347967899854,0.10049321788764948,7.930503233081188e-05,0.8895754849621782,True
SORTIE_001804,55,8,54,4665.709550102027,9.172362745270847,0.23373839984135367,0.08180843994447377,6.665709550102028e-05,0.6998564325153039,True
SORTIE_001805,55,8,55,5649.835778884899,10.484531050314677,0.27527691952319144,0.096346921833117,7.6498357788849e-05,0.8474753668327348,True
SORTIE_001806,55,8,56,3215.302952968987,7.238487282426796,0.17251887208200292,0.06038160522870102,5.215302952968988e-05,0.48229544294534804,True
SORTIE_001807,55,9,0,2849.210346593304,6.56684240049388,0.1455850405038692,0.050954764176354216,4.849210346593305e-05,0.4273815519889956,True
SORTIE_001808,55,9,51,3315.245021413618,7.188221966920966,0.16349774726800803,0.057224211543802805,5.3152450214136176e-05,0.4972867532120427,True
SORTIE_001809,55,9,52,3142.65661998779,6.958104098353194,0.15686406614369186,0.054902423150292146,5.1426566199877895e-05,0.47139849299816844,True
SORTIE_001810,55,9,53,2879.1594546235747,6.606774544534241,0.1467361771445078,0.051357662000577724,4.879159454623575e-05,0.4318739181935362,True
SORTIE_001811,55,9,54,2999.4205706624425,6.767122699252731,0.15135858449555498,0.052975504573444236,4.999420570662443e-05,0.4499130855993663,True
SORTIE_001812,55,9,55,3312.804941025458,7.184968526403418,0.16340395930149915,0.057191385755524696,5.3128049410254585e-05,0.4969207411538187,True
SORTIE_001813,55,9,56,3828.9427849176245,7.873152318259641,0.18324245275926587,0.06413485846574306,5.828942784917625e-05,0.5743414177376437,True
SORTIE_001814,55,10,0,4680.729021671778,9.546263208904818,0.21399309323154067,0.07489758263103923,6.680729021671779e-05,0.7021093532507667,True
SORTIE_001815,55,10,51,6319.862577022627,11.731774616039285,0.2755462540272139,0.09644118890952486,8.319862577022628e-05,0.9479793865533941,True
SORTIE_001816,55,10,52,6744.587297847998,12.298074243806445,0.29149562493083475,0.10202346872579215,8.744587297847999e-05,1.0116880946771996,True
SORTIE_001817,55,10,53,5886.846855312764,11.154420320426132,0.25928553734646925,0.09074993807126423,7.886846855312766e-05,0.8830270282969146,True
SORTIE_001818,55,10,54,4505.085674114781,9.312072078828823,0.20739728950366684,0.07258905132628339,6.505085674114782e-05,0.6757628511172171,True
SORTIE_001819,55,10,55,5302.460207182343,10.375238122918905,0.23734050107911223,0.08306917537768928,7.302460207182344e-05,0.7953690310773515,True
SORTIE_001820,55,10,56,3705.5552439513735,8.246031505277612,0.17737311913132156,0.06208059169596254,5.7055552439513746e-05,0.555833286592706,True
SORTIE_001821,55,11,0,5074.622328234095,11.438540576947702,0.2600802401926749,0.0910280840674362,7.074622328234096e-05,0.7611933492351143,True
SORTIE_001822,55,11,51,6705.588513496793,13.613162157297966,0.3296274776222418,0.11536961716778463,8.705588513496792e-05,1.005838277024519,True
SORTIE_001823,55,11,52,7139.329334794687,14.191483252361824,0.34812294132607163,0.12184302946412506,9.139329334794688e-05,1.070899400219203,True
SORTIE_001824,55,11,53,6256.051210601275,13.013779086770606,0.3104584244435665,0.10866044855524828,8.256051210601276e-05,0.9384076815901912,True
SORTIE_001825,55,11,54,4881.195057395865,11.180637549163393,0.251832164633602,0.08814125762176069,6.881195057395865e-05,0.7321792586093797,True
SORTIE_001826,55,11,55,5647.39534458633,12.202237932084014,0.284504278729735,0.09957649755540725,7.64739534458633e-05,0.8471093016879494,True
SORTIE_001827,55,11,56,4082.347746165603,10.115507800856378,0.21776792459839023,0.07621877360943657,6.082347746165604e-05,0.6123521619248403,True
SORTIE_001828,55,12,0,3857.8682663442733,9.459861651458663,0.19670236450309958,0.06884582757608484,5.8578682663442736e-05,0.578680239951641,True
SORTIE_001829,55,12,51,3898.19189048483,9.513626483646071,0.19831660016836067,0.06941081005892623,5.8981918904848314e-05,0.5847287835727245,True
SORTIE_001830,55,12,52,3371.901099643055,8.811905429190372,0.17724812274396157,0.06203684296038654,5.3719010996430564e-05,0.5057851649464583,True
SORTIE_001831,55,12,53,2906.5387277394207,8.191422266652191,0.15861873230576895,0.05551655630701913,4.9065387277394214e-05,0.4359808091609131,True
SORTIE_001832,55,12,54,3775.5547119701223,9.35011024562646,0.1934071875928594,0.06769251565750078,5.775554711970123e-05,0.5663332067955184,True
SORTIE_001833,55,12,55,3664.607639470348,9.202180815626761,0.18896575344097927,0.06613801370434273,5.664607639470349e-05,0.5496911459205522,True
SORTIE_001834,55,12,56,4822.799171135684,10.746436191180543,0.23533048670753093,0.08236567034763582,6.822799171135686e-05,0.7234198756703526,True
SORTIE_001835,55,13,0,3880.095553759403,9.413829572392949,0.19334574734004562,0.06767101156901596,5.880095553759404e-05,0.5820143330639105,True
SORTIE_001836,55,13,51,3643.372455642374,9.098198774903576,0.18410985266208524,0.06443844843172983,5.643372455642374e-05,0.5465058683463561,True
SORTIE_001837,55,13,52,3162.3872483154273,8.456885165134313,0.16534392423404293,0.05787037348191502,5.162387248315428e-05,0.47435808724731404,True
SORTIE_001838,55,13,53,3681.679282165963,9.149274543601695,0.18560441664013805,0.06496154582404831,5.6816792821659634e-05,0.5522518923248945,True
SORTIE_001839,55,13,54,4158.189147653763,9.784621030918762,0.2041957369027626,0.0714685079159669,6.158189147653764e-05,0.6237283721480644,True
SORTIE_001840,55,13,55,4320.197347210886,10.000631963661593,0.2105165846779799,0.07368080463729296,6.320197347210887e-05,0.6480296020816328,True
SORTIE_001841,55,13,56,4921.361488245691,10.802184151708,0.23397136680498248,0.08188997838174386,6.921361488245692e-05,0.7382042232368536,True
SORTIE_001842,55,14,0,2107.750767424848,5.178608153800923,0.1250172035820012,0.043756021253700414,4.1077507674248485e-05,0.31616261511372723,True
SORTIE_001843,55,14,51,3439.2996144746085,6.9540066165339365,0.18221746890807258,0.0637761141178254,5.4392996144746094e-05,0.5158949421711913,True
SORTIE_001844,55,14,52,3437.861323809591,6.952088895647246,0.18215568326060103,0.06375448914121036,5.437861323809591e-05,0.5156791985714386,True
SORTIE_001845,55,14,53,1954.398200277512,4.974138064271141,0.11842953122683594,0.041450335929392575,3.954398200277512e-05,0.29315973004162676,True
SORTIE_001846,55,14,54,1123.04379668262,3.8656655261446184,0.08271646476968886,0.0289507626693911,3.12304379668262e-05,0.16845656950239302,True
SORTIE_001847,55,14,55,1675.4815622966598,4.602249213630005,0.10644791618379101,0.03725677066432685,3.67548156229666e-05,0.25132223434449896,True
SORTIE_001848,55,14,56,2546.7384247774626,5.763925030271075,0.14387510018194596,0.05035628506368108,4.546738424777462e-05,0.38201076371661935,True
SORTIE_001849,55,15,0,3369.2491685195037,8.2904805992552,0.16644843462669914,0.058256952119344695,5.369249168519504e-05,0.5053873752779255,True
SORTIE_001850,55,15,51,4931.685907936609,10.373729585144675,0.22499761127657567,0.07874916394680148,6.931685907936609e-05,0.7397528861904913,True
SORTIE_001851,55,15,52,5413.026474394577,11.015517007088633,0.2430348816141978,0.08506220856496922,7.413026474394578e-05,0.8119539711591865,True
SORTIE_001852,55,15,53,5150.596974401076,10.665611007097299,0.23320086352845407,0.08162030223495892,7.150596974401076e-05,0.7725895461601614,True
SORTIE_001853,55,15,54,3865.0182464054024,8.951506036436399,0.18502638443189692,0.06475923455116392,5.865018246405403e-05,0.5797527369608103,True
SORTIE_001854,55,15,55,4848.386533781863,10.262663752938348,0.22187613464384506,0.07765664712534577,6.848386533781864e-05,0.7272579800672795,True
SORTIE_001855,55,15,56,2547.856052578797,7.195289778000927,0.13566837842925822,0.04748393245024037,4.5478560525787976e-05,0.38217840788681956,True
SORTIE_001856,55,16,0,3045.7768684373686,8.393250339306691,0.1573832091969631,0.05508412321893708,5.045776868437369e-05,0.4568665302656053,True
SORTIE_001857,55,16,51,3510.8126474599035,9.01329804467007,0.17494995558796664,0.06123248445578832,5.510812647459904e-05,0.5266218971189855,True
SORTIE_001858,55,16,52,3168.5233094973237,8.556912260719965,0.16201996124436632,0.05670698643552821,5.168523309497324e-05,0.4752784964245985,True
SORTIE_001859,55,16,53,2098.9990279129197,7.1308798852740924,0.12161863588160743,0.042566522558562594,4.0989990279129196e-05,0.31484985418693795,True
SORTIE_001860,55,16,54,2793.2476904356236,8.056544768637696,0.14784390872505193,0.05174536805376817,4.793247690435624e-05,0.4189871535653435,True
SORTIE_001861,55,16,55,2736.0548824583266,7.980287691334635,0.14568344796386423,0.05098920678735248,4.736054882458327e-05,0.41040823236874896,True
SORTIE_001862,55,16,56,3929.943446628253,9.57213911022787,0.19078263940667176,0.06677392379233511,5.929943446628253e-05,0.5894915169942379,True
SORTIE_001863,55,17,0,4481.570500433946,8.017236197036533,0.2120051501673511,0.07420180255857288,6.481570500433946e-05,0.6722355750650919,True
SORTIE_001864,55,17,51,5939.57131121083,9.961237278072378,0.27018694706793644,0.09456543147377774,7.93957131121083e-05,0.8909356966816244,True
SORTIE_001865,55,17,52,6487.5314791932,10.691850835382203,0.2920534007540446,0.10221869026391561,8.487531479193201e-05,0.9731297218789798,True
SORTIE_001866,55,17,53,6220.911586877233,10.336357645627583,0.2814138837457394,0.09849485931100878,8.220911586877235e-05,0.9331367380315849,True
SORTIE_001867,55,17,54,4874.295238221724,8.54086918075357,0.2276769047801822,0.07968691667306377,6.874295238221724e-05,0.7311442857332585,True
SORTIE_001868,55,17,55,5829.211050988413,9.81409026444249,0.2657830001025469,0.09302405003589141,7.829211050988414e-05,0.874381657648262,True
SORTIE_001869,55,17,56,3445.087486760062,6.635258845471354,0.17064410033340227,0.05972543511669079,5.445087486760063e-05,0.5167631230140093,True
SORTIE_001870,55,18,0,5137.260456176874,9.215178122121424,0.2261987061271422,0.07916954714449977,7.137260456176874e-05,0.770589068426531,True
SORTIE_001871,55,18,51,5829.679211796396,10.138403129614122,0.2520416820637121,0.08821458872229922,7.829679211796396e-05,0.8744518817694594,True
SORTIE_001872,55,18,52,6566.134327358482,11.1203432836969,0.27952821629660735,0.09783487570381257,8.566134327358483e-05,0.9849201491037722,True
SORTIE_001873,55,18,53,7253.732783048006,12.037141224616267,0.3051912853573352,0.10681694987506732,9.253732783048006e-05,1.088059917457201,True
SORTIE_001874,55,18,54,6168.4423727333815,10.59008734419677,0.264685256700072,0.09263983984502519,8.168442372733382e-05,0.9252663559100072,True
SORTIE_001875,55,18,55,7140.390235975284,11.886017828519305,0.30096102918241513,0.10533636021384529,9.140390235975284e-05,1.0710585353962925,True
SORTIE_001876,55,18,56,4888.951927169843,8.884100083445384,0.21693114760436322,0.07592590166152711,6.888951927169843e-05,0.7333427890754763,True
SORTIE_001877,55,19,0,5461.872356325941,9.881823430081427,0.26075327122709874,0.09126364492948455,7.461872356325942e-05,0.8192808534488911,True
SORTIE_001878,55,19,51,6997.174400472757,11.928892822277183,0.324099583390361,0.11343485418662634,8.997174400472757e-05,1.0495761600709135,True
SORTIE_001879,55,19,52,7511.227823183428,12.61429738589141,0.34530934384614115,0.12085827034614939,9.511227823183428e-05,1.1266841734775142,True
SORTIE_001880,55,19,53,6909.964350372193,11.81261275547643,0.320501310934133,0.11217545882694653,8.909964350372193e-05,1.036494652555829,True
SORTIE_001881,55,19,54,5520.491008045868,9.959981632374664,0.26317186724512437,0.09211015353579352,7.520491008045869e-05,0.8280736512068801,True
SORTIE_001882,55,19,55,6367.189499188254,11.088912953897845,0.2981065090197169,0.10433727815690091,8.367189499188255e-05,0.955078424878238,True
SORTIE_001883,55,19,56,4399.763348534105,8.46567808635898,0.21693082663680122,0.07592578932288042,6.399763348534105e-05,0.6599645022801157,True
SORTIE_001884,55,20,0,2255.680730621186,5.4007475621668535,0.12797558215106256,0.04479145375287189,4.255680730621186e-05,0.33835210959317785,True
SORTIE_001885,55,20,51,3288.687143710502,6.778089446285943,0.1707501566575543,0.059762554830144005,5.288687143710502e-05,0.49330307155657527,True
SORTIE_001886,55,20,52,3129.6021636021223,6.565976139474769,0.16416278967871903,0.05745697638755166,5.1296021636021227e-05,0.4694403245403183,True
SORTIE_001887,55,20,53,1320.384025479117,4.153685288644096,0.08924695656573761,0.031236434798008163,3.3203840254791175e-05,0.19805760382186754,True
SORTIE_001888,55,20,54,1475.5340126772207,4.360551938241567,0.09567138394875788,0.03348498438206526,3.475534012677221e-05,0.22133010190158312,True
SORTIE_001889,55,20,55,1388.3086086391584,4.244251399524151,0.09205956751024524,0.03222084862858583,3.388308608639158e-05,0.20824629129587374,True
SORTIE_001890,55,20,56,2867.4279807845305,6.216410562384647,0.15330672046703636,0.05365735216346272,4.8674279807845305e-05,0.43011419711767956,True
SORTIE_001891,55,21,0,2995.7793560687014,6.897218550101087,0.16510916205464604,0.05778820671912611,4.995779356068702e-05,0.4493669034103052,True
SORTIE_001892,55,21,51,3468.3363182559565,7.527294499684095,0.18537851846765818,0.06488248146368036,5.4683363182559565e-05,0.5202504477383935,True
SORTIE_001893,55,21,52,3146.847517409455,7.098642765222093,0.17158891931121312,0.06005612175892459,5.146847517409456e-05,0.47202712761141824,True
SORTIE_001894,55,21,53,2180.598956202701,5.810311350279754,0.13014367982091216,0.04555028793731925,4.180598956202702e-05,0.3270898434304052,True
SORTIE_001895,55,21,54,2784.8511508812308,6.615980943184461,0.1560618316572417,0.05462164108003459,4.784851150881231e-05,0.41772767263218463,True
SORTIE_001896,55,21,55,2782.42398235404,6.612744718481539,0.15595772326843638,0.05458520314395273,4.78242398235404e-05,0.41736359735310596,True
SORTIE_001897,55,21,56,3890.3768631310195,8.090015226184178,0.20348107733213794,0.07121837706624827,5.89037686313102e-05,0.5835565294696529,True
SORTIE_001898,55,22,0,3834.291194632481,7.97172694015614,0.1937968551068618,0.06782889928740161,5.8342911946324816e-05,0.5751436791948722,True
SORTIE_001899,55,22,51,5316.802362726523,9.948408497614862,0.25463918681394804,0.08912371538488181,7.316802362726523e-05,0.7975203544089784,True
SORTIE_001900,55,22,52,5844.213270597529,10.651623041442871,0.27628415657419453,0.09669945480096807,7.84421327059753e-05,0.8766319905896294,True
SORTIE_001901,55,22,53,5650.249274744883,10.39300438030601,0.2683238645852508,0.09391335260483778,7.650249274744885e-05,0.8475373912117324,True
SORTIE_001902,55,22,54,4349.432147462798,8.658581543929895,0.21493826530500637,0.07522839285675223,6.349432147462798e-05,0.6524148221194196,True
SORTIE_001903,55,22,55,5328.269425054235,9.963697914051812,0.25510979561937475,0.08928842846678116,7.328269425054236e-05,0.7992404137581353,True
SORTIE_001904,55,22,56,2865.8558907176707,6.6804798682697255,0.154052222306969,0.053918277807439144,4.865855890717671e-05,0.42987838360765057,True
SORTIE_001905,55,23,0,2125.3406404891634,6.735712855695473,0.11833994486539429,0.041418980702888,4.125340640489164e-05,0.31880109607337453,True
SORTIE_001906,55,23,51,3467.31733268446,8.525015111955868,0.1674214224674444,0.05859749786360554,5.46731733268446e-05,0.520097599902669,True
SORTIE_001907,55,23,52,3448.720877893228,8.500219838900893,0.1667412754241897,0.058359446398466394,5.448720877893229e-05,0.5173081316839842,True
SORTIE_001908,55,23,53,1785.8190793104359,6.283017440790503,0.1059222777052096,0.037072797196823354,3.785819079310436e-05,0.26787286189656534,True
SORTIE_001909,55,23,54,1007.0594258020832,5.2446712361126995,0.07743990933521706,0.02710396826732597,3.007059425802084e-05,0.15105891387031245,True
SORTIE_001910,55,23,55,1382.2833386049992,5.744969786516588,0.09116335489064091,0.031907174211724315,3.382283338605e-05,0.2073425007907499,True
SORTIE_001911,55,23,56,2490.270935942209,7.2222865829662,0.13168691149063994,0.04609041902172398,4.49027093594221e-05,0.37354064039133134,True
SORTIE_001912,55,24,0,5071.945431536398,11.661289645144741,0.2341961601009869,0.08196865603534541,7.071945431536399e-05,0.7607918147304596,True
SORTIE_001913,55,24,51,6695.50182693034,13.826031505669999,0.29488855764570726,0.10321099517599754,8.69550182693034e-05,1.004325274039551,True
SORTIE_001914,55,24,52,7137.383721439783,14.415207365015922,0.311407153295028,0.1089925036532598,9.137383721439783e-05,1.0706075582159673,True
SORTIE_001915,55,24,53,6287.482699298787,13.28200600216126,0.2796358327201555,0.09787254145205443,8.287482699298788e-05,0.9431224048948181,True
SORTIE_001916,55,24,54,4908.844632832455,11.443821913539484,0.22809906452556697,0.07983467258394844,6.908844632832456e-05,0.7363266949248682,True
SORTIE_001917,55,24,55,5688.386105174336,12.48321054332866,0.25724017787167286,0.09003406225508549,7.688386105174336e-05,0.8532579157761504,True
SORTIE_001918,55,24,56,4069.238925649842,10.324347637296,0.19671260729764986,0.06884941255417745,6.069238925649842e-05,0.6103858388474762,True
SORTIE_001919,55,25,0,2680.54066932205,6.976199030428608,0.15368730641843487,0.0537905572464522,4.6805406693220506e-05,0.40208110039830747,True
SORTIE_001920,55,25,51,3286.593055648647,7.78426887886407,0.17970583993036554,0.06289704397562794,5.286593055648647e-05,0.492988958347297,True
SORTIE_001921,55,25,52,3280.2623544552553,7.775827943939548,0.17943405556836894,0.06280191944892913,5.280262354455255e-05,0.4920393531682883,True
SORTIE_001922,55,25,53,3272.973197155613,7.766109067540025,0.17912112357147675,0.06269239325001685,5.272973197155613e-05,0.49094597957334196,True
SORTIE_001923,55,25,54,3081.444878550899,7.510737976067073,0.17089859019229947,0.05981450656730481,5.081444878550899e-05,0.46221673178263484,True
SORTIE_001924,55,25,55,3584.7157750873225,8.181765838115638,0.19250459485879357,0.06737660820057774,5.5847157750873226e-05,0.5377073662630983,True
SORTIE_001925,55,25,56,3696.7397984942236,8.331131202658172,0.19731391641731483,0.06905987074606018,5.696739798494224e-05,0.5545109697741335,True
SORTIE_001926,55,26,0,3926.2891047817625,9.723337984357226,0.18636029338680138,0.06522610268538048,5.926289104781763e-05,0.5889433657172644,True
SORTIE_001927,55,26,51,5031.319346766244,11.196711640336535,0.2267213654950367,0.07935247792326283,7.031319346766245e-05,0.7546979020149366,True
SORTIE_001928,55,26,52,5659.897825538543,12.0348162786996,0.24968010485211745,0.0873880366982411,7.659897825538543e-05,0.8489846738307814,True
SORTIE_001929,55,26,53,6018.882689994272,12.513462764640572,0.2627919758666542,0.09197719155332897,8.018882689994272e-05,0.9028324034991407,True
SORTIE_001930,55,26,54,4904.969085395042,11.028244625174931,0.2221064402049024,0.07773725407171583,6.904969085395043e-05,0.7357453628092564,True
SORTIE_001931,55,26,55,5877.780102604453,12.325325981454146,0.2576382239710757,0.09017337838987649,7.877780102604453e-05,0.8816670153906678,True
SORTIE_001932,55,26,56,3722.5704014238654,9.451713046546697,0.17891949677904684,0.06262182387266639,5.722570401423866e-05,0.5583855602135798,True
SORTIE_001933,55,27,0,4741.647601787759,10.140244264483712,0.22058986546703746,0.0772064529134631,6.74164760178776e-05,0.7112471402681639,True
SORTIE_001934,55,27,51,6428.487770240354,12.389364489087171,0.28473784183728507,0.09965824464304977,8.428487770240355e-05,0.964273165536053,True
SORTIE_001935,55,27,52,6757.4759301371505,12.828015368949568,0.2972487632048444,0.10403706712169553,8.757475930137152e-05,1.0136213895205726,True
SORTIE_001936,55,27,53,5522.6669755671155,11.181603429522854,0.2502908491588493,0.08760179720559726,7.522666975567117e-05,0.8284000463350673,True
SORTIE_001937,55,27,54,4219.614019462077,9.444199488049467,0.2007377191109171,0.07025820168882098,6.219614019462078e-05,0.6329421029193114,True
SORTIE_001938,55,27,55,4830.674622763972,10.258946959118664,0.22397542821607636,0.07839139987562672,6.830674622763973e-05,0.7246011934145958,True
SORTIE_001939,55,27,56,3925.561990077516,9.05213011553672,0.18955536586526978,0.06634437805284442,5.925561990077517e-05,0.5888342985116274,True
SORTIE_001940,55,28,0,3521.243375034223,7.817543296933845,0.1805292769476349,0.06318524693167221,5.5212433750342236e-05,0.5281865062551334,True
SORTIE_001941,55,28,51,5053.479011646596,9.860524145750343,0.24277137007451796,0.08496997952608128,7.053479011646596e-05,0.7580218517469893,True
SORTIE_001942,55,28,52,5552.720993943018,10.526180122145572,0.2630514531194763,0.0920680085918167,7.552720993943019e-05,0.8329081490914526,True
SORTIE_001943,55,28,53,5322.8981582914585,10.21974967461016,0.2537156473220502,0.08880047656271757,7.322898158291458e-05,0.7984347237437187,True
SORTIE_001944,55,28,54,4034.1612696583265,8.501433823099317,0.20136489948557665,0.07047771481995183,6.034161269658327e-05,0.605124190448749,True
SORTIE_001945,55,28,55,5016.572340432554,9.811315250798286,0.24127215649938769,0.08444525477478569,7.016572340432554e-05,0.752485851064883,True
SORTIE_001946,55,28,56,2611.2111733603706,6.604167028035375,0.14356217626703915,0.050246761693463704,4.611211173360371e-05,0.39168167600405557,True
SORTIE_001947,55,29,0,2158.388296648058,6.239541708426309,0.12686193865374,0.04440167852880899,4.158388296648058e-05,0.32375824449720864,True
SORTIE_001948,55,29,51,3331.3246375878857,7.803456829679414,0.17490953660577216,0.061218337812020254,5.331324637587886e-05,0.4996986956381828,True
SORTIE_001949,55,29,52,3310.55541804128,7.775764536950606,0.17405875632407916,0.0609205647134277,5.31055541804128e-05,0.496583312706192,True
SORTIE_001950,55,29,53,2170.1107084754876,6.255171590862883,0.12734212987201293,0.04456974545520452,4.170110708475488e-05,0.3255166062713232,True
SORTIE_001951,55,29,54,1678.6266376135377,5.599859496380283,0.10720921369202517,0.037523224792208806,3.678626637613538e-05,0.25179399564203064,True
SORTIE_001952,55,29,55,2179.004721983307,6.267030275539975,0.12770645994713126,0.044697260981495936,4.179004721983307e-05,0.326850708297496,True
SORTIE_001953,55,29,56,2832.6643187010413,7.138576404496954,0.15448265606653547,0.05406892962328741,4.832664318701042e-05,0.4248996478051562,True
SORTIE_001954,55,30,0,5369.798905287877,11.609438163988901,0.24715531039779642,0.08650435863922874,7.369798905287878e-05,0.8054698357931815,True
SORTIE_001955,55,30,51,5847.120672770907,12.245867187299606,0.26532057141599774,0.0928621999955992,7.847120672770908e-05,0.877068100915636,True
SORTIE_001956,55,30,52,6614.0401081936725,13.268426434529962,0.2945069456260979,0.10307743096913427,8.614040108193675e-05,0.9921060162290509,True
SORTIE_001957,55,30,53,7486.756605649589,14.432048431137849,0.3277196001730975,0.11470186006058411,9.486756605649589e-05,1.1230134908474383,True
SORTIE_001958,55,30,54,6465.598062315883,13.070503706692909,0.2888577406387269,0.10110020922355441,8.465598062315884e-05,0.9698397093473824,True
SORTIE_001959,55,30,55,7424.462953337508,14.348990228055076,0.3253489132882462,0.11387211965088617,9.42446295333751e-05,1.1136694430006262,True
SORTIE_001960,55,30,56,5255.273325863982,11.456737391423706,0.2427968520470158,0.08497889821645552,7.255273325863982e-05,0.7882909988795973,True
SORTIE_001961,55,31,0,6391.990698767824,10.961173997601861,0.27040064552750803,0.0946402259346278,8.391990698767825e-05,0.9587986048151735,True
SORTIE_001962,55,31,51,7120.070378508268,11.931946903922453,0.2972419669288509,0.10403468842509782,9.12007037850827e-05,1.0680105567762401,True
SORTIE_001963,55,31,52,7876.656883537513,12.940728910628112,0.32513421844265267,0.11379697645492842,9.876656883537513e-05,1.1814985325306269,True
SORTIE_001964,55,31,53,8478.892950000005,13.7437103325781,0.3473362002712938,0.12156767009495283,0.00010478892950000005,1.2718339425000005,True
SORTIE_001965,55,31,54,7289.471213817147,12.15781468433429,0.303487083215852,0.10622047912554819,9.289471213817148e-05,1.093420682072572,True
SORTIE_001966,55,31,55,8274.993583411475,13.47184451046006,0.3398192641660532,0.11893674245811861,0.00010274993583411475,1.241249037511721,True
SORTIE_001967,55,31,56,5850.1496205223375,10.238719226607879,0.25042518001963665,0.08764881300687283,7.850149620522337e-05,0.8775224430783506,True
SORTIE_001968,55,32,0,2107.5617655870055,7.572993771578358,0.12534524039030442,0.04387083413660654,4.107561765587006e-05,0.3161342648380508,True
SORTIE_001969,55,32,51,3472.505334827132,9.392918530565193,0.17799431153303935,0.06229800903656377,5.472505334827133e-05,0.5208758002240698,True
SORTIE_001970,55,32,52,3509.909418218137,9.4427906417532,0.17943707465662995,0.06280297612982048,5.509909418218138e-05,0.5264864127327206,True
SORTIE_001971,55,32,53,2227.923592372361,7.733476207292165,0.12998787802316977,0.04549575730810942,4.227923592372361e-05,0.33418853885585414,True
SORTIE_001972,55,32,54,1282.66940288649,6.4731372879776705,0.0935272094711978,0.03273452331491923,3.28266940288649e-05,0.19240041043297348,True
SORTIE_001973,55,32,55,2005.573867496622,7.437009907457846,0.1214113282321279,0.04249396488124476,4.005573867496623e-05,0.30083608012449325,True
SORTIE_001974,55,32,56,2580.480420162372,8.203551977678847,0.1435868208120696,0.05025538728422436,4.580480420162373e-05,0.3870720630243558,True
SORTIE_001975,55,33,0,5327.577745884364,9.44990718550855,0.2389277893354648,0.08362472626741267,7.327577745884365e-05,0.7991366618826545,True
SORTIE_001976,55,33,51,6933.305851570456,11.590877993090007,0.30057657365168156,0.10520180077808854,8.933305851570458e-05,1.0399958777355682,True
SORTIE_001977,55,33,52,7392.939660699938,12.203723071929316,0.3182233131358592,0.11137815959755072,9.392939660699939e-05,1.1089409491049906,True
SORTIE_001978,55,33,53,6579.079172915857,11.118575754883874,0.2869767344048643,0.10044185704170251,8.579079172915858e-05,0.9868618759373785,True
SORTIE_001979,55,33,54,5199.211915544853,9.278752745055868,0.23399943480262106,0.08189980218091737,7.199211915544853e-05,0.7798817873317279,True
SORTIE_001980,55,33,55,5980.410595294049,10.320350984721463,0.2639920274124352,0.09239720959435233,7.98041059529405e-05,0.8970615892941073,True
SORTIE_001981,55,33,56,4304.153282134148,8.085341233841596,0.19963541237185758,0.06987239433015015,6.304153282134147e-05,0.6456229923201222,True
SORTIE_001982,55,34,0,3200.8796318302316,6.427985306988502,0.15139380004838202,0.052987830016933704,5.200879631830232e-05,0.48013194477453475,True
SORTIE_001983,55,34,51,4884.125853947215,8.672313603144477,0.21331667132582877,0.07466083496404007,6.884125853947215e-05,0.7326188780920821,True
SORTIE_001984,55,34,52,5142.154694550653,9.016352057282397,0.22280897641620379,0.07798314174567132,7.142154694550655e-05,0.7713232041825979,True
SORTIE_001985,55,34,53,3954.3235301719415,7.432577171444115,0.17911131927923696,0.06268896174773293,5.954323530171942e-05,0.5931485295257912,True
SORTIE_001986,55,34,54,2591.385233865033,5.61532610970157,0.12897186162153854,0.045140151567538485,4.5913852338650335e-05,0.38870778507975495,True
SORTIE_001987,55,34,55,3370.9692116143883,6.654771413367377,0.15765101602559237,0.05517785560895733,5.3709692116143894e-05,0.5056453817421582,True
SORTIE_001988,55,34,56,2738.0116412023717,5.810827986151355,0.13436591985741883,0.04702807195009659,4.738011641202373e-05,0.41070174618035576,True
SORTIE_001989,55,35,0,3495.433784848802,7.614551670654551,0.18070543081560755,0.06324690078546263,5.4954337848488026e-05,0.5243150677273203,True
SORTIE_001990,55,35,51,5173.80701399224,9.852382642845802,0.24979566762571406,0.08742848366899991,7.173807013992242e-05,0.776071052098836,True
SORTIE_001991,55,35,52,5542.384936094935,10.343819872316061,0.2649681784110823,0.09273886244387879,7.542384936094936e-05,0.8313577404142403,True
SORTIE_001992,55,35,53,4715.262428514216,9.240989862208437,0.23091967899067287,0.0808218876467355,6.715262428514216e-05,0.7072893642771323,True
SORTIE_001993,55,35,54,3326.356031752537,7.389114666526198,0.17374534482406476,0.06081087068842266,5.326356031752538e-05,0.4989534047628805,True
SORTIE_001994,55,35,55,4218.127932329618,8.57814386729564,0.2104551366162715,0.07365929781569502,6.218127932329619e-05,0.6327191898494426,True
SORTIE_001995,55,35,56,2733.8717727439594,6.599135654514761,0.14935572930210225,0.052274505255735786,4.73387177274396e-05,0.41008076591159387,True
SORTIE_001996,55,36,0,2643.703190252936,5.65536277304229,0.14594527037026944,0.0510808446295943,4.643703190252937e-05,0.3965554785379404,True
SORTIE_001997,55,36,51,3285.1482863494984,6.51062290117104,0.17322274527298084,0.06062796084554329,5.285148286349499e-05,0.4927722429524247,True
SORTIE_001998,55,36,52,3208.404890394785,6.408298373231423,0.16995922970501962,0.059485730396756864,5.208404890394785e-05,0.4812607335592178,True
SORTIE_001999,55,36,53,2935.439646593029,6.04434471482908,0.15835137326894197,0.055422980644129684,4.935439646593029e-05,0.4403159469889543,True
SORTIE_002000,55,36,54,2849.297043701854,5.929487910974181,0.15468815610083608,0.054140854635292626,4.849297043701855e-05,0.4273945565552781,True
SORTIE_002001,55,36,55,3272.4543058712047,6.493697593866648,0.17268293331398502,0.06043902665989475,5.272454305871205e-05,0.4908681458806807,True
SORTIE_002002,55,36,56,3617.608642624373,6.953903376204206,0.18736063342524942,0.0655762216988373,5.617608642624373e-05,0.5426412963936559,True
SORTIE_002003,55,37,0,2199.476500299783,6.646333288961362,0.12356073989574971,0.0432462589635124,4.199476500299783e-05,0.3299214750449674,True
SORTIE_002004,55,37,51,3568.3407840171003,8.471485667251118,0.17565590101191653,0.06147956535417078,5.568340784017101e-05,0.535251117602565,True
SORTIE_002005,55,37,52,3540.4438274745507,8.434289725194386,0.17459422056410168,0.06110797719743558,5.5404438274745516e-05,0.5310665741211826,True
SORTIE_002006,55,37,53,1706.685179509409,5.989278194574196,0.10480647509492692,0.03668226628322442,3.7066851795094095e-05,0.2560027769264113,True
SORTIE_002007,55,37,54,1003.8038552554619,5.052103095568934,0.07805677005249793,0.027319869518374274,3.003803855255462e-05,0.1505705782883193,True
SORTIE_002008,55,37,55,1122.715324632733,5.210651721405295,0.0825822093012645,0.028903773255442574,3.1227153246327335e-05,0.16840729869490995,True
SORTIE_002009,55,37,56,2464.907972093851,7.000241918020119,0.1336623222460924,0.04678181278613234,4.4649079720938515e-05,0.3697361958140777,True
SORTIE_002010,55,38,0,2289.845063723553,6.624385597784316,0.12342488582783871,0.04319871003974355,4.289845063723554e-05,0.3434767595585329,True
SORTIE_002011,55,38,51,3871.8337291430794,8.733703818343685,0.18155470946526417,0.06354414831284246,5.8718337291430804e-05,0.5807750593714619,True
SORTIE_002012,55,38,52,4036.5689508901464,8.953350780673107,0.18760786875543503,0.06566275406440225,6.036568950890147e-05,0.6054853426335219,True
SORTIE_002013,55,38,53,2942.180654181779,7.49416638506195,0.14739481282835643,0.05158818448992475,4.94218065418178e-05,0.44132709812726684,True
SORTIE_002014,55,38,54,1595.2997313806868,5.698325154660494,0.09790397119689782,0.03426638991891424,3.5952997313806874e-05,0.239294959707103,True
SORTIE_002015,55,38,55,2580.711275145425,7.012207213013478,0.1341127004384167,0.04693944515344584,4.580711275145426e-05,0.38710669127181374,True
SORTIE_002016,55,38,56,2474.1191127100947,6.870084329766371,0.13019599500370713,0.04556859825129749,4.474119112710096e-05,0.37111786690651416,True
SORTIE_002017,55,39,0,2301.608818059636,7.843337364467034,0.1413047323037964,0.049456656306328735,4.3016088180596366e-05,0.3452413227089454,True
SORTIE_002018,55,39,51,3286.209464517784,9.156138226411231,0.182888562650867,0.06401099692780345,5.286209464517784e-05,0.4929314196776676,True
SORTIE_002019,55,39,52,3197.07424219476,9.037291263313865,0.17912400696388614,0.06269340243736014,5.19707424219476e-05,0.479561136329214,True
SORTIE_002020,55,39,53,2108.037959965176,7.585242887007754,0.13312942005705689,0.04659529701996991,4.108037959965177e-05,0.31620569399477644,True
SORTIE_002021,55,39,54,1952.7675532177773,7.378215678011223,0.12657169711087465,0.044300093988806126,3.952767553217778e-05,0.2929151329826666,True
SORTIE_002022,55,39,55,2289.9413865960064,7.827780789182195,0.14081196755464154,0.04928418864412454,4.289941386596007e-05,0.34349120798940097,True
SORTIE_002023,55,39,56,3072.613265773801,8.871343294752588,0.17386749596428674,0.060853623587500356,5.0726132657738014e-05,0.4608919898660701,True
SORTIE_002024,55,40,0,2432.8747095680137,8.182544987850463,0.14767767275288546,0.05168718546350991,4.432874709568014e-05,0.36493120643520205,True
SORTIE_002025,55,40,51,4057.4180614903944,10.348602790413636,0.2164040193191247,0.07574140676169364,6.0574180614903946e-05,0.6086127092235591,True
SORTIE_002026,55,40,52,4251.1733874656165,10.606943225047267,0.2246008431627423,0.0786102951069598,6.251173387465618e-05,0.6376760081198425,True
SORTIE_002027,55,40,53,3153.6688233831082,9.14360380627059,0.17817088551346952,0.06235980992971433,5.153668823383108e-05,0.4730503235074662,True
SORTIE_002028,55,40,54,1773.104805338584,7.302851782211224,0.11976609068375223,0.041918131739313275,3.773104805338584e-05,0.26596572080078756,True
SORTIE_002029,55,40,55,2736.7177356614006,8.587669022641645,0.16053175946489506,0.056186115812713266,4.736717735661401e-05,0.4105076603492101,True
SORTIE_002030,55,40,56,2463.461390048756,8.223327228491453,0.14897164302492705,0.052140075058724464,4.463461390048757e-05,0.3695192085073134,True
SORTIE_002031,55,41,0,4679.097820548119,10.575786157798547,0.23819787855821442,0.08336925749537505,6.679097820548119e-05,0.7018646730822178,True
SORTIE_002032,55,41,51,5971.969703137753,12.299615334584725,0.2923127672534907,0.10230946853872173,7.971969703137754e-05,0.895795455470663,True
SORTIE_002033,55,41,52,6582.225177014266,13.113289299753408,0.3178558295547323,0.1112495403441563,8.582225177014266e-05,0.9873337765521398,True
SORTIE_002034,55,41,53,6591.606063858209,13.125797148878666,0.31824847917010346,0.1113869677095362,8.591606063858211e-05,0.9887409095787313,True
SORTIE_002035,55,41,54,5299.204491454579,11.402595052340493,0.264153275939188,0.0924536465787158,7.299204491454579e-05,0.7948806737181868,True
SORTIE_002036,55,41,55,6277.112500782238,12.706472398110705,0.30508492879019405,0.10677972507656791,8.277112500782238e-05,0.9415668751173357,True
SORTIE_002037,55,41,56,3813.993840177456,9.422314183970997,0.2019877898108066,0.0706957264337823,5.813993840177456e-05,0.5720990760266184,True
SORTIE_002038,55,42,0,2470.4616473970646,7.866665295563758,0.1424860183571526,0.04987010642500341,4.470461647397065e-05,0.3705692471095597,True
SORTIE_002039,55,42,51,3783.0094700983855,9.616729059165518,0.19518806363730062,0.06831582227305522,5.783009470098386e-05,0.5674514205147578,True
SORTIE_002040,55,42,52,3680.6840980244933,9.480295229733663,0.19107944656516407,0.06687780629780742,5.6806840980244934e-05,0.5521026147036739,True
SORTIE_002041,55,42,53,1484.5155801742553,6.552070539266679,0.10289784230759734,0.036014244807659065,3.4845155801742556e-05,0.2226773370261383,True
SORTIE_002042,55,42,54,1269.3142762171829,6.265135467323916,0.09425697706114043,0.03298994197139915,3.269314276217183e-05,0.19039714143257744,True
SORTIE_002043,55,42,55,655.1979408010618,5.446313686769088,0.06959868548760446,0.02435953992066156,2.655197940801062e-05,0.09827969112015926,True
SORTIE_002044,55,42,56,2681.992142373358,8.148705955532149,0.15097949153318452,0.05284282203661458,4.6819921423733585e-05,0.4022988213560037,True
SORTIE_002045,55,43,0,4468.609446597761,8.757535881299553,0.21090064558658597,0.07381522595530508,6.468609446597761e-05,0.6702914169896642,True
SORTIE_002046,55,43,51,6069.1079468611715,10.891533881650767,0.27347313712300475,0.09571559799305165,8.069107946861174e-05,0.9103661920291757,True
SORTIE_002047,55,43,52,6532.384530498686,11.509235993167454,0.2915852253904468,0.10205482888665637,8.532384530498686e-05,0.9798576795748029,True
SORTIE_002048,55,43,53,5876.442955003693,10.634647225840796,0.2659407785669785,0.09307927249844247,7.876442955003694e-05,0.8814664432505539,True
SORTIE_002049,55,43,54,4487.653087016233,8.782927401857515,0.21164516863906704,0.07407580902367346,6.487653087016233e-05,0.673147963052435,True
SORTIE_002050,55,43,55,5363.52538003255,9.95075712587927,0.24588794464462235,0.08606078062561782,7.36352538003255e-05,0.8045288070048824,True
SORTIE_002051,55,43,56,3440.074788604593,7.3861563373086625,0.1706894387834563,0.0597413035742097,5.4400747886045934e-05,0.5160112182906889,True
SORTIE_002052,55,44,0,3912.2876866784873,7.914093403824605,0.19128526470578955,0.06694984264702633,5.912287686678488e-05,0.5868431530017731,True
SORTIE_002053,55,44,51,5281.3285647177845,9.739481241210333,0.24569798732619147,0.085994295564167,7.281328564717784e-05,0.7921992847076677,True
SORTIE_002054,55,44,52,5850.809594711096,10.498789281201416,0.26833209111349804,0.09391623188972431,7.850809594711096e-05,0.8776214392066645,True
SORTIE_002055,55,44,53,5855.539760664324,10.505096169139053,0.2685200922258754,0.0939820322790564,7.855539760664323e-05,0.8783309640996485,True
SORTIE_002056,55,44,54,4607.966418237066,8.84166504590271,0.21893511392535642,0.07662728987387474,6.607966418237066e-05,0.6911949627355599,True
SORTIE_002057,55,44,55,5593.337016300032,10.155492509986663,0.2580988072019867,0.09033458252069533,7.593337016300031e-05,0.8390005524450047,True
SORTIE_002058,55,44,56,3193.3069242829847,6.955452387297267,0.16270927298692967,0.05694824554542538,5.1933069242829846e-05,0.47899603864244766,True
SORTIE_002059,55,45,0,3825.952293365933,8.239661963668699,0.18663083267103603,0.06532079143486261,5.825952293365934e-05,0.5738928440048899,True
SORTIE_002060,55,45,51,5481.2229742204945,10.446689538141445,0.2511280362133291,0.08789481267466517,7.481222974220494e-05,0.8221834461330741,True
SORTIE_002061,55,45,52,5655.785198354704,10.679439170320393,0.2579298091384479,0.09027543319845675,7.655785198354705e-05,0.8483677797532055,True
SORTIE_002062,55,45,53,4032.094798462705,8.51451863713106,0.19466312325874857,0.068132093140562,6.0320947984627055e-05,0.6048142197694056,True
SORTIE_002063,55,45,54,2904.6050186183666,7.011198930671942,0.1507307690742761,0.052755769175996635,4.904605018618368e-05,0.435690752792755,True
SORTIE_002064,55,45,55,3275.537821036736,7.505776000563102,0.16518407192969764,0.05781442517539417,5.275537821036737e-05,0.49133067315551043,True
SORTIE_002065,55,45,56,3378.7814109898363,7.643434120500569,0.16920693230695288,0.059222426307433504,5.378781410989837e-05,0.5068172116484755,True
SORTIE_002066,55,46,0,5056.880757109959,11.491551734761146,0.23857551831374788,0.08350143140981175,7.056880757109958e-05,0.7585321135664937,True
SORTIE_002067,55,46,51,6743.513198887307,13.740394990464276,0.30347398964693034,0.10621589637642562,8.743513198887308e-05,1.0115269798330961,True
SORTIE_002068,55,46,52,6983.376097166587,14.06021218816998,0.3127034667056473,0.10944621334697655,8.983376097166588e-05,1.047506414574988,True
SORTIE_002069,55,46,53,5410.735892827522,11.963358582384561,0.25219120411027257,0.0882669214385954,7.410735892827522e-05,0.8116103839241283,True
SORTIE_002070,55,46,54,4273.772815987013,10.447407813263885,0.20844298498348715,0.0729550447442205,6.273772815987013e-05,0.6410659223980519,True
SORTIE_002071,55,46,55,4631.769903649422,10.924737263480429,0.22221804536744286,0.07777631587860499,6.631769903649423e-05,0.6947654855474134,True
SORTIE_002072,55,46,56,4378.840086286764,10.587497506996886,0.212485777627994,0.07437002216979789,6.378840086286765e-05,0.6568260129430146,True
SORTIE_002073,55,47,0,5745.263381328452,12.206032641425477,0.2655159641943755,0.09293058746803143,7.745263381328452e-05,0.8617895071992677,True
SORTIE_002074,55,47,51,6711.468020329966,13.494305493427495,0.30290666189083615,0.10601733166179264,8.711468020329967e-05,1.0067202030494948,True
SORTIE_002075,55,47,52,7418.914011336429,14.437566814769447,0.3302837806900498,0.11559932324151743,9.41891401133643e-05,1.1128371017004643,True
SORTIE_002076,55,47,53,7780.263740333228,14.919366453431845,0.3442674834526238,0.12049361920841832,9.780263740333229e-05,1.1670395610499842,True
SORTIE_002077,55,47,54,6540.457468549461,13.266291424386822,0.2962888051900676,0.10370108181652365,8.540457468549461e-05,0.981068620282419,True
SORTIE_002078,55,47,55,7524.755243254635,14.578688457327054,0.33437968061303536,0.11703288821456237,9.524755243254635e-05,1.1287132864881952,True
SORTIE_002079,55,47,56,5072.53155156245,11.30905686840414,0.23948223235102414,0.08381878132285844,7.07253155156245e-05,0.7608797327343674,True
SORTIE_002080,55,48,0,5347.0551606664085,11.028159768691406,0.2653357117232249,0.0928674991031287,7.347055160666409e-05,0.8020582740999612,True
SORTIE_002081,55,48,51,6950.386894923537,13.165935414367578,0.33272493546185694,0.11645372741164992,8.950386894923537e-05,1.0425580342385306,True
SORTIE_002082,55,48,52,7412.258635177518,13.781764401372888,0.35213774778104184,0.12324821172336464,9.412258635177518e-05,1.1118387952766278,True
SORTIE_002083,55,48,53,6604.921789881124,12.705315274311028,0.31820478048695416,0.11137167317043395,8.604921789881125e-05,0.9907382684821686,True
SORTIE_002084,55,48,54,5224.605564951838,10.86489364107198,0.26018906426031696,0.09106617249111093,7.224605564951837e-05,0.7836908347427757,True
SORTIE_002085,55,48,55,6007.377432353182,11.908589464273772,0.2930895472867175,0.10258134155035112,8.007377432353181e-05,0.9011066148529772,True
SORTIE_002086,55,48,56,4321.359714037324,9.660565839852627,0.22222497021930943,0.0777787395767583,6.321359714037323e-05,0.6482039571055985,True
SORTIE_002087,55,49,0,2205.3196399638746,7.024820573073994,0.1329559327093333,0.046534576448266654,4.205319639963875e-05,0.3307979459945812,True
SORTIE_002088,55,49,51,3697.837493194353,9.014844377381298,0.19496147072167858,0.06823651475258749,5.697837493194354e-05,0.5546756239791529,True
SORTIE_002089,55,49,52,3789.41412720296,9.136946556059442,0.1987659534947141,0.06956808372314993,5.789414127202961e-05,0.568412119080444,True
SORTIE_002090,55,49,53,2479.586678370027,7.390509957615531,0.14435015170551974,0.050522553096931905,4.4795866783700276e-05,0.37193800175550407,True
SORTIE_002091,55,49,54,1121.6908990911197,5.579982251910321,0.08793738707651295,0.030778085476779533,3.12169089909112e-05,0.16825363486366793,True
SORTIE_002092,55,49,55,2102.702637935243,6.887997903702486,0.12869278610359777,0.04504247513625922,4.1027026379352436e-05,0.3154053956902864,True
SORTIE_002093,55,49,56,2477.393452264166,7.3875856561410504,0.1442590357671862,0.050490662518515174,4.477393452264167e-05,0.3716090178396249,True
SORTIE_002094,55,50,0,4403.506324040858,8.156629010077616,0.1985007889302141,0.06947527612557493,6.403506324040859e-05,0.6605259486061287,True
SORTIE_002095,55,50,51,5951.038958738655,10.220005856341345,0.25626201099623613,0.08969170384868264,7.951038958738655e-05,0.8926558438107982,True
SORTIE_002096,55,50,52,6451.929363546478,10.887859729418441,0.2749576050368065,0.09623516176288227,8.451929363546479e-05,0.9677894045319717,True
SORTIE_002097,55,50,53,5978.352023704665,10.256423276296026,0.25728146349464076,0.09004851222312427,7.978352023704666e-05,0.8967528035556998,True
SORTIE_002098,55,50,54,4602.906167290711,8.422495467744085,0.20594333221986433,0.0720801662769525,6.602906167290711e-05,0.6904359250936066,True
SORTIE_002099,55,50,55,5525.838610890572,9.653072059210565,0.24039152712795958,0.08413703449478585,7.525838610890573e-05,0.8288757916335858,True
SORTIE_002100,55,50,56,3340.1445580410546,6.738813322077877,0.1588111089032554,0.05558388811613938,5.340144558041055e-05,0.5010216837061582,True
SORTIE_002101,56,1,0,4263.001066981363,9.143976415156299,0.2173707465707026,0.0760797612997459,6.263001066981363e-05,0.6394501600472043,True
SORTIE_002102,56,1,51,5014.536500708958,10.146023660126424,0.248844409167925,0.08709554320877375,7.014536500708958e-05,0.7521804751063436,True
SORTIE_002103,56,1,52,4731.136677934103,9.768157229759954,0.2369758664461437,0.0829415532561503,6.731136677934104e-05,0.7096705016901156,True
SORTIE_002104,56,1,53,2877.171905687757,7.296204200098157,0.15933340397514884,0.05576669139130209,4.877171905687757e-05,0.43157578585316353,True
SORTIE_002105,56,1,54,3680.7075028402915,8.367584996301536,0.19298478903918725,0.06754467616371554,5.6807075028402924e-05,0.5521061254260438,True
SORTIE_002106,56,1,55,3435.5521580814334,8.040711203289725,0.1827178924185247,0.06395126234648364,5.4355521580814336e-05,0.515332823712215,True
SORTIE_002107,56,1,56,5003.24794567235,10.130972253410949,0.2483716541167491,0.08693007894086219,7.00324794567235e-05,0.7504871918508526,True
SORTIE_002108,56,2,0,3258.0194393072084,7.7644941222471395,0.17866197815050128,0.06253169235267544,5.258019439307209e-05,0.4887029158960812,True
SORTIE_002109,56,2,51,4828.145749698179,9.8579958694351,0.246122117789491,0.08614274122632185,6.82814574969818e-05,0.7242218624547269,True
SORTIE_002110,56,2,52,5317.100183800203,10.509935114904465,0.2671299400158521,0.09349547900554823,7.317100183800204e-05,0.7975650275700304,True
SORTIE_002111,56,2,53,4652.217059352995,9.62342428230819,0.23856337940096262,0.08349718279033691,6.652217059352995e-05,0.6978325589029494,True
SORTIE_002112,56,2,54,3263.069687613727,7.771227786655832,0.17887896098412087,0.0626076363444423,5.263069687613727e-05,0.48946045314205905,True
SORTIE_002113,56,2,55,4103.250181527419,8.89146844520742,0.21497713542160274,0.07524199739756095,6.10325018152742e-05,0.6154875272291128,True
SORTIE_002114,56,2,56,2207.694591736,6.364060992152195,0.13353499670032035,0.04673724884511212,4.207694591736e-05,0.3311541887604,True
SORTIE_002115,56,3,0,4497.180654490401,9.312975253569007,0.21240219311045513,0.07434076758865929,6.497180654490401e-05,0.67457709817356,True
SORTIE_002116,56,3,51,5324.056829338043,10.41547682003253,0.244419651404454,0.0855468779915589,7.324056829338044e-05,0.7986085244007065,True
SORTIE_002117,56,3,52,5040.1589992823865,10.036946379958323,0.23342684835841318,0.0816993969254446,7.040158999282388e-05,0.7560238498923579,True
SORTIE_002118,56,3,53,2798.0558417135544,7.04747550319988,0.146610410151652,0.05131364355307819,4.798055841713555e-05,0.41970837625703317,True
SORTIE_002119,56,3,54,3763.7941109305557,8.335126528822547,0.18400474523848812,0.06440166083347083,5.763794110930556e-05,0.5645691166395833,True
SORTIE_002120,56,3,55,3326.6026419430927,7.752204570172596,0.16707626180821225,0.058476691632874285,5.326602641943093e-05,0.4989903962914639,True
SORTIE_002121,56,3,56,5163.822708172829,10.20183132514558,0.23821522872577652,0.08337533005402178,7.16382270817283e-05,0.7745734062259244,True
SORTIE_002122,56,4,0,1906.5677569626764,4.962837609612734,0.11510972620497803,0.04028840417174231,3.906567756962676e-05,0.28598516354440146,True
SORTIE_002123,56,4,51,2905.0523776341447,6.294150437174692,0.1572298448468712,0.05503044569640491,4.9050523776341445e-05,0.43575785664512173,True
SORTIE_002124,56,4,52,3553.982018881128,7.159389958837337,0.18460432104179048,0.06461151236462666,5.553982018881129e-05,0.5330973028321692,True
SORTIE_002125,56,4,53,4017.1457717072194,7.776941629272124,0.2041424409244384,0.07144985432355343,6.01714577170722e-05,0.6025718657560829,True
SORTIE_002126,56,4,54,2941.0312865523283,6.34212231573227,0.158747580704656,0.055561653246629594,4.9410312865523287e-05,0.4411546929828492,True
SORTIE_002127,56,4,55,3906.3819815798297,7.629256575768938,0.19946997638687353,0.06981449173540573,5.90638198157983e-05,0.5859572972369744,True
SORTIE_002128,56,4,56,1806.6274140142752,4.829583819014866,0.11089383843369989,0.03881284345179496,3.8066274140142754e-05,0.2709941121021413,True
SORTIE_002129,56,5,0,1527.0779526938632,4.879805288442176,0.09312106822752204,0.032592373879632715,3.527077952693864e-05,0.22906169290407946,True
SORTIE_002130,56,5,51,2867.0871319104976,6.666484194064355,0.14291584977933977,0.050020547422768916,4.867087131910498e-05,0.43006306978657466,True
SORTIE_002131,56,5,52,3444.309135792927,7.436113532574261,0.16436543686875876,0.057527902904065564,5.444309135792928e-05,0.516646370368939,True
SORTIE_002132,56,5,53,3499.8133999197516,7.510119218076694,0.16642797699927142,0.05824979194974499,5.4998133999197525e-05,0.5249720099879627,True
SORTIE_002133,56,5,54,2270.8132604742623,5.871452365482708,0.12075829471648455,0.04226540315076959,4.270813260474262e-05,0.34062198907113933,True
SORTIE_002134,56,5,55,3256.413641091872,7.185586206306187,0.1573832346134881,0.05508413211472083,5.256413641091873e-05,0.48846204616378075,True
SORTIE_002135,56,5,56,891.5183864331512,4.032392533427894,0.06950365555903479,0.024326279445662173,2.8915183864331516e-05,0.1337277579649727,True
SORTIE_002136,56,6,0,4001.1755383427244,7.658123555657989,0.200297512417487,0.07010412934612044,6.001175538342725e-05,0.6001763307514086,True
SORTIE_002137,56,6,51,5216.066690202299,9.277978424804088,0.25070208561560237,0.08774572996546082,7.216066690202299e-05,0.7824100035303447,True
SORTIE_002138,56,6,52,5096.24815404079,9.118220376588743,0.24573093888595537,0.08600582861008438,7.09624815404079e-05,0.7644372231061185,True
SORTIE_002139,56,6,53,3027.878533599797,6.360394216000753,0.15991642968099679,0.055970750388348874,5.027878533599797e-05,0.45418178003996945,True
SORTIE_002140,56,6,54,2908.14901202169,6.20075485389661,0.15494897607404468,0.054232141625915636,4.90814901202169e-05,0.43622235180325347,True
SORTIE_002141,56,6,55,2496.50057681191,5.651890273616903,0.13787010966476876,0.04825453838266906,4.49650057681191e-05,0.37447508652178646,True
SORTIE_002142,56,6,56,4393.809094330843,8.181634963642148,0.2165874712195962,0.07580561492685867,6.393809094330844e-05,0.6590713641496265,True
SORTIE_002143,56,7,0,3961.7162620507934,8.94684575757551,0.19024899915170573,0.066587149703097,5.961716262050794e-05,0.594257439307619,True
SORTIE_002144,56,7,51,5652.595561715364,11.201351490461601,0.2545218541613774,0.08908264895648209,7.652595561715365e-05,0.8478893342573045,True
SORTIE_002145,56,7,52,5950.180915011287,11.598131961522832,0.2658335192040478,0.09304173172141672,7.950180915011288e-05,0.892527137251693,True
SORTIE_002146,56,7,53,4615.808729268046,9.818969047198511,0.21511203361946024,0.07528921176681108,6.615808729268046e-05,0.6923713093902067,True
SORTIE_002147,56,7,54,3347.805747893928,8.128298405366355,0.16691334090978122,0.05841966931842342,5.3478057478939284e-05,0.5021708621840892,True
SORTIE_002148,56,7,55,3901.1519908805794,8.866093396015224,0.18794686048310782,0.06578140116908773,5.901151990880581e-05,0.5851727986320869,True
SORTIE_002149,56,7,56,3206.5005834119534,7.939891519390388,0.16154211994169115,0.0565397419795919,5.206500583411954e-05,0.480975087511793,True
SORTIE_002150,56,8,0,1576.3015889054095,5.053152130342026,0.10333903678392874,0.036168662874375056,3.57630158890541e-05,0.2364452383358114,True
SORTIE_002151,56,8,51,2953.3032244237384,6.88915431103313,0.16146024915080362,0.056511087202781266,4.9533032244237386e-05,0.44299548366356073,True
SORTIE_002152,56,8,52,3522.985868948669,7.648731170399705,0.18550571511838246,0.06492700029143386,5.52298586894867e-05,0.5284478803423004,True
SORTIE_002153,56,8,53,3495.970407165276,7.612710554688514,0.18436543223781002,0.0645279012832335,5.4959704071652766e-05,0.5243955610747913,True
SORTIE_002154,56,8,54,2231.1767241861144,5.926318977382966,0.13098035240016506,0.045843123340057766,4.231176724186115e-05,0.33467650862791715,True
SORTIE_002155,56,8,55,3215.302952968987,7.238487282426796,0.17251887208200292,0.06038160522870102,5.215302952968988e-05,0.48229544294534804,True
SORTIE_002156,56,8,56,780.770127053075,3.9924435145389126,0.06976082464081435,0.02441628862428502,2.7807701270530754e-05,0.11711551905796125,True
SORTIE_002157,56,9,0,3365.3481904854707,7.255026192350102,0.16542353396163595,0.05789823688657258,5.3653481904854715e-05,0.5048022285728205,True
SORTIE_002158,56,9,51,3831.3828653057844,7.876405758777187,0.18333624072577476,0.06416768425402117,5.831382865305784e-05,0.5747074297958676,True
SORTIE_002159,56,9,52,3658.7944638799563,7.6462878902094165,0.1767025596014586,0.0618458958605105,5.658794463879956e-05,0.5488191695819934,True
SORTIE_002160,56,9,53,3395.297298515741,7.294958336390462,0.16657467060227454,0.058301134710796086,5.395297298515742e-05,0.5092945947773612,True
SORTIE_002161,56,9,54,3515.558414554609,7.455306491108953,0.17119707795332173,0.0599189772836626,5.51555841455461e-05,0.5273337621831913,True
SORTIE_002162,56,9,55,3828.9427849176245,7.873152318259641,0.18324245275926587,0.06413485846574306,5.828942784917625e-05,0.5743414177376437,True
SORTIE_002163,56,9,56,4345.080628809791,8.561336110115864,0.20308094621703265,0.07107833117596142,6.345080628809792e-05,0.6517620943214687,True
SORTIE_002164,56,10,0,3083.8240584408086,7.417056591263525,0.15402571128374995,0.05390899894931248,5.08382405844081e-05,0.46257360876612125,True
SORTIE_002165,56,10,51,4722.957613791657,9.60256799839799,0.21557887207942314,0.07545260522779809,6.722957613791659e-05,0.7084436420687487,True
SORTIE_002166,56,10,52,5147.6823346170295,10.168867626165152,0.23152824298304406,0.08103488504406542,7.14768233461703e-05,0.7721523501925545,True
SORTIE_002167,56,10,53,4289.941892081795,9.025213702784841,0.19931815539867861,0.06976135438953751,6.289941892081797e-05,0.6434912838122692,True
SORTIE_002168,56,10,54,2908.180710883811,7.182865461187529,0.14742990755587612,0.05160046764455664,4.908180710883812e-05,0.43622710663257164,True
SORTIE_002169,56,10,55,3705.5552439513735,8.246031505277612,0.17737311913132156,0.06208059169596254,5.7055552439513746e-05,0.555833286592706,True
SORTIE_002170,56,10,56,2108.650280720404,6.116824887636319,0.11740573718353084,0.04109200801423579,4.108650280720405e-05,0.3162975421080606,True
SORTIE_002171,56,11,0,3509.5747298133683,9.351810445720066,0.19334388606133007,0.06767036012146552,5.5095747298133693e-05,0.5264362094720052,True
SORTIE_002172,56,11,51,5140.540915076066,11.526432026070328,0.26289112349089705,0.09201189322181397,7.140540915076066e-05,0.7710811372614099,True
SORTIE_002173,56,11,52,5574.2817363739605,12.104753121134188,0.28138658719472687,0.0984853055181544,7.574281736373962e-05,0.836142260456094,True
SORTIE_002174,56,11,53,4691.003612180548,10.927048955542972,0.24372207031222182,0.08530272460927762,6.691003612180549e-05,0.7036505418270822,True
SORTIE_002175,56,11,54,3316.147458975138,9.093907417935757,0.18509581050225726,0.06478353367579004,5.3161474589751383e-05,0.49742211884627063,True
SORTIE_002176,56,11,55,4082.347746165603,10.115507800856378,0.21776792459839023,0.07621877360943657,6.082347746165604e-05,0.6123521619248403,True
SORTIE_002177,56,11,56,2517.300147744876,8.028777669628742,0.1510315704670455,0.05286104966346592,4.517300147744877e-05,0.3775950221617314,True
SORTIE_002178,56,12,0,5016.05979800961,11.004117027012445,0.24306709776965124,0.08507348421937792,7.01605979800961e-05,0.7524089697014414,True
SORTIE_002179,56,12,51,5056.383422150167,11.057881859199853,0.24468133343491238,0.08563846670221933,7.056383422150167e-05,0.758457513322525,True
SORTIE_002180,56,12,52,4530.092631308392,10.356160804744153,0.22361285601051323,0.07826449960367962,6.530092631308392e-05,0.6795138946962588,True
SORTIE_002181,56,12,53,4064.730259404757,9.735677642205975,0.20498346557232067,0.07174421295031223,6.0647302594047574e-05,0.6097095389107136,True
SORTIE_002182,56,12,54,4933.746243635458,10.894365621180242,0.23977192085941107,0.08392017230079386,6.93374624363546e-05,0.7400619365453186,True
SORTIE_002183,56,12,55,4822.799171135684,10.746436191180543,0.23533048670753093,0.08236567034763582,6.822799171135686e-05,0.7234198756703526,True
SORTIE_002184,56,12,56,5980.990702801021,12.290691566734324,0.28169521997408264,0.09859332699092892,7.980990702801022e-05,0.8971486054201532,True
SORTIE_002185,56,13,0,4481.259694794208,10.215381760439357,0.2168005294670482,0.07588018531346687,6.481259694794209e-05,0.6721889542191313,True
SORTIE_002186,56,13,51,4244.536596677179,9.899750962949984,0.20756463478908782,0.07264762217618073,6.24453659667718e-05,0.6366804895015769,True
SORTIE_002187,56,13,52,3763.5513893502325,9.258437353180721,0.1887987063610455,0.06607954722636593,5.7635513893502336e-05,0.5645327084025349,True
SORTIE_002188,56,13,53,4282.843423200768,9.950826731648101,0.20905919876714057,0.0731707195684992,6.282843423200768e-05,0.6424265134801151,True
SORTIE_002189,56,13,54,4759.353288688569,10.58617321896517,0.22765051902976519,0.0796776816604178,6.759353288688569e-05,0.7139029933032853,True
SORTIE_002190,56,13,55,4921.361488245691,10.802184151708,0.23397136680498248,0.08188997838174386,6.921361488245692e-05,0.7382042232368536,True
SORTIE_002191,56,13,56,5522.525629280496,11.603736339754406,0.257426148931985,0.09009915212619475,7.522525629280497e-05,0.8283788443920744,True
SORTIE_002192,56,14,0,2979.007629905651,6.340283970441993,0.16244438758015609,0.05685553565305462,4.9790076299056506e-05,0.4468511444858476,True
SORTIE_002193,56,14,51,4310.556476955411,8.115682433175007,0.21964465290622756,0.07687562851717965,6.310556476955411e-05,0.6465834715433116,True
SORTIE_002194,56,14,52,4309.118186290393,8.113764712288315,0.21958286725875595,0.07685400354056458,6.309118186290394e-05,0.646367727943559,True
SORTIE_002195,56,14,53,2825.6550627583147,6.135813880912211,0.1558567152249909,0.05454985032874681,4.825655062758314e-05,0.4238482594137472,True
SORTIE_002196,56,14,54,1994.3006591634226,5.027341342785688,0.12014364876784378,0.04205027706874532,3.994300659163423e-05,0.29914509887451335,True
SORTIE_002197,56,14,55,2546.7384247774626,5.763925030271075,0.14387510018194596,0.05035628506368108,4.546738424777462e-05,0.38201076371661935,True
SORTIE_002198,56,14,56,3417.995287258265,6.925600846912145,0.1813022841801009,0.06345579946303531,5.417995287258265e-05,0.5126992930887397,True
SORTIE_002199,56,15,0,1068.7186873164374,5.223106624317781,0.08024067841211233,0.028084237444239313,3.0687186873164376e-05,0.1603078030974656,True
SORTIE_002200,56,15,51,2631.1554267335423,7.3063556102072535,0.13878985506198882,0.04857644927169608,4.631155426733543e-05,0.39467331401003136,True
SORTIE_002201,56,15,52,3112.4959931915105,7.948143032151211,0.15682712539961097,0.05488949388986383,5.112495993191511e-05,0.4668743989787265,True
SORTIE_002202,56,15,53,2850.06649319801,7.598237032159878,0.14699310731386728,0.05144758755985354,4.85006649319801e-05,0.4275099739797015,True
SORTIE_002203,56,15,54,1564.487765202336,5.8841320614989785,0.0988186282173101,0.034586519876058534,3.564487765202336e-05,0.2346731647803504,True
SORTIE_002204,56,15,55,2547.856052578797,7.195289778000927,0.13566837842925822,0.04748393245024037,4.5478560525787976e-05,0.38217840788681956,True
SORTIE_002205,56,15,56,247.32557137573082,4.127915803063505,0.04946062221467137,0.017311217775134977,2.2473255713757308e-05,0.03709883570635962,True
SORTIE_002206,56,16,0,4239.665432607295,9.985101758199924,0.2024824006397706,0.0708688402239197,6.239665432607296e-05,0.6359498148910941,True
SORTIE_002207,56,16,51,4704.70121162983,10.605149463563306,0.22004914703077413,0.07701720146077094,6.70470121162983e-05,0.7057051817444745,True
SORTIE_002208,56,16,52,4362.41187366725,10.148763679613198,0.20711915268717382,0.07249170344051083,6.362411873667251e-05,0.6543617810500874,True
SORTIE_002209,56,16,53,3292.887592082846,8.722731304167327,0.16671782732441498,0.05835123956354524,5.292887592082846e-05,0.49393313881242684,True
SORTIE_002210,56,16,54,3987.1362546055498,9.648396187530931,0.19294310016785945,0.0675300850587508,5.9871362546055504e-05,0.5980704381908324,True
SORTIE_002211,56,16,55,3929.943446628253,9.57213911022787,0.19078263940667176,0.06677392379233511,5.929943446628253e-05,0.5894915169942379,True
SORTIE_002212,56,16,56,5123.832010798179,11.163990529121104,0.2358818308494793,0.08255864079731776,7.12383201079818e-05,0.7685748016197269,True
SORTIE_002213,56,17,0,2097.4469362055947,4.838404778065398,0.11686625039820649,0.04090318763937227,4.097446936205595e-05,0.31461704043083916,True
SORTIE_002214,56,17,51,3555.447746982478,6.782405859101242,0.1750480472987918,0.06126681655457713,5.5554477469824776e-05,0.5333171620473717,True
SORTIE_002215,56,17,52,4103.407914964849,7.513019416411069,0.1969145009849,0.06892007534471499,6.103407914964849e-05,0.6155111872447273,True
SORTIE_002216,56,17,53,3836.7880226488824,7.157526226656447,0.18627498397659475,0.06519624439180816,5.8367880226488844e-05,0.5755182033973323,True
SORTIE_002217,56,17,54,2490.1716739933727,5.362037761782435,0.1325380050110376,0.04638830175386316,4.490171673993373e-05,0.37352575109900593,True
SORTIE_002218,56,17,55,3445.087486760062,6.635258845471354,0.17064410033340227,0.05972543511669079,5.445087486760063e-05,0.5167631230140093,True
SORTIE_002219,56,17,56,1060.9639225317108,3.456427426500219,0.07550520056425762,0.026426820197490167,3.060963922531711e-05,0.1591445883797566,True
SORTIE_002220,56,18,0,2885.8221473714325,6.213260377047503,0.14216882454909027,0.049759088592181595,4.8858221473714326e-05,0.4328733221057149,True
SORTIE_002221,56,18,51,3578.240902990955,7.1364853845402,0.16801180048566017,0.05880413016998105,5.5782409029909554e-05,0.5367361354486432,True
SORTIE_002222,56,18,52,4314.696018553041,8.118425538622981,0.19549833471855543,0.0684244171514944,6.31469601855304e-05,0.6472044027829561,True
SORTIE_002223,56,18,53,5002.294474242564,9.035223479542346,0.22116140377928317,0.0774064913227491,7.002294474242565e-05,0.7503441711363846,True
SORTIE_002224,56,18,54,3917.0040639279405,7.588169599122848,0.18065537512202,0.063229381292707,5.9170040639279415e-05,0.587550609589191,True
SORTIE_002225,56,18,55,4888.951927169843,8.884100083445384,0.21693114760436322,0.07592590166152711,6.888951927169843e-05,0.7333427890754763,True
SORTIE_002226,56,18,56,2637.5136183644013,5.882182338371462,0.13290126602631122,0.04651544310920892,4.637513618364402e-05,0.39562704275466015,True
SORTIE_002227,56,19,0,3494.446205671793,7.258588562542563,0.17957758884418315,0.0628521560954641,5.494446205671793e-05,0.5241669308507689,True
SORTIE_002228,56,19,51,5029.748249818608,9.305657954738317,0.2429239010074453,0.08502336535260585,7.029748249818608e-05,0.7544622374727912,True
SORTIE_002229,56,19,52,5543.801672529279,9.991062518352544,0.2641336614632255,0.09244678151212891,7.543801672529279e-05,0.8315702508793917,True
SORTIE_002230,56,19,53,4942.538199718044,9.189377887937564,0.23932562855121728,0.08376396999292604,6.942538199718044e-05,0.7413807299577065,True
SORTIE_002231,56,19,54,3553.0648573917188,7.336746764835798,0.18199618486220873,0.06369866470177304,5.553064857391719e-05,0.5329597286087578,True
SORTIE_002232,56,19,55,4399.763348534105,8.46567808635898,0.21693082663680122,0.07592578932288042,6.399763348534105e-05,0.6599645022801157,True
SORTIE_002233,56,19,56,2432.3371978799564,5.842443218820114,0.13575514425388566,0.047514300488859976,4.4323371978799565e-05,0.36485057968199347,True
SORTIE_002234,56,20,0,3734.8001027665578,7.37290672502735,0.18922273510785367,0.06622795728774879,5.734800102766558e-05,0.5602200154149837,True
SORTIE_002235,56,20,51,4767.806515855874,8.750248609146439,0.23199730961434537,0.08119905836502088,6.767806515855875e-05,0.7151709773783811,True
SORTIE_002236,56,20,52,4608.721535747494,8.538135302335267,0.2254099426355101,0.07889347992242852,6.608721535747496e-05,0.6913082303621242,True
SORTIE_002237,56,20,53,2799.5033976244895,6.125844451504592,0.15049410952252876,0.05267293833288506,4.799503397624489e-05,0.4199255096436734,True
SORTIE_002238,56,20,54,2954.6533848225927,6.332711101102063,0.156918536905549,0.054921487916942145,4.9546533848225937e-05,0.4431980077233889,True
SORTIE_002239,56,20,55,2867.4279807845305,6.216410562384647,0.15330672046703636,0.05365735216346272,4.8674279807845305e-05,0.43011419711767956,True
SORTIE_002240,56,20,56,4346.547352929902,8.188569725245141,0.21455387342382745,0.07509385569833961,6.346547352929903e-05,0.6519821029394853,True
SORTIE_002241,56,21,0,4103.732236845681,8.374489057803729,0.2126325161183476,0.07442138064142166,6.103732236845682e-05,0.6155598355268521,True
SORTIE_002242,56,21,51,4576.289199032935,9.004565007386732,0.23290187253135974,0.08151565538597591,6.576289199032936e-05,0.6864433798549402,True
SORTIE_002243,56,21,52,4254.800398186435,8.575913272924733,0.21911227337491473,0.07668929568122015,6.254800398186436e-05,0.6382200597279652,True
SORTIE_002244,56,21,53,3288.5518369796805,7.287581857982394,0.17766703388461375,0.062183461859614805,5.2885518369796814e-05,0.4932827755469521,True
SORTIE_002245,56,21,54,3892.80403165821,8.093251450887099,0.2035851857209433,0.07125481500233015,5.8928040316582106e-05,0.5839206047487315,True
SORTIE_002246,56,21,55,3890.3768631310195,8.090015226184178,0.20348107733213794,0.07121837706624827,5.89037686313102e-05,0.5835565294696529,True
SORTIE_002247,56,21,56,4998.329743907999,9.567285733886818,0.25100443139583956,0.08785155098854384,6.998329743908e-05,0.7497494615861998,True
SORTIE_002248,56,22,0,1371.8776602959163,4.688508894374053,0.09273928179445598,0.03245874862805959,3.3718776602959164e-05,0.20578164904438742,True
SORTIE_002249,56,22,51,2854.388828389958,6.665190451832775,0.15358161350154226,0.053753564725539785,4.854388828389958e-05,0.42815832425849365,True
SORTIE_002250,56,22,52,3381.799736260965,7.368404995660786,0.1752265832617888,0.06132930414162608,5.381799736260966e-05,0.5072699604391447,True
SORTIE_002251,56,22,53,3187.835740408319,7.109786334523923,0.1672662912728451,0.058543201945495775,5.18783574040832e-05,0.4781753610612478,True
SORTIE_002252,56,22,54,1887.0186131262326,5.3753634981478084,0.11388069199260054,0.03985824219741019,3.887018613126233e-05,0.28305279196893485,True
SORTIE_002253,56,22,55,2865.8558907176707,6.6804798682697255,0.154052222306969,0.053918277807439144,4.865855890717671e-05,0.42987838360765057,True
SORTIE_002254,56,22,56,403.44235638110615,3.3972618224876396,0.052994648994563257,0.01854812714809714,2.4034423563811064e-05,0.06051635345716592,True
SORTIE_002255,56,23,0,3233.328237826373,8.213029652145085,0.15886350146539333,0.05560222551288766,5.233328237826373e-05,0.4849992356739559,True
SORTIE_002256,56,23,51,4575.30493002167,10.00233190840548,0.20794497906744341,0.0727807426736052,6.57530493002167e-05,0.6862957395032504,True
SORTIE_002257,56,23,52,4556.708475230438,9.977536635350507,0.20726483202418872,0.07254269120846604,6.556708475230438e-05,0.6835062712845658,True
SORTIE_002258,56,23,53,2893.806676647646,7.760334237240116,0.14644583430520866,0.05125604200682303,4.893806676647646e-05,0.4340710014971469,True
SORTIE_002259,56,23,54,2115.047023139293,6.721988032562312,0.11796346593521609,0.04128721307732563,4.115047023139293e-05,0.3172570534708939,True
SORTIE_002260,56,23,55,2490.270935942209,7.2222865829662,0.13168691149063994,0.04609041902172398,4.49027093594221e-05,0.37354064039133134,True
SORTIE_002261,56,23,56,3598.2585332794188,8.699603379415814,0.172210468090639,0.060273663831723646,5.598258533279419e-05,0.5397387799919128,True
SORTIE_002262,56,24,0,3452.798252011904,9.502426739112083,0.17366858952696382,0.060784006334437334,5.4527982520119044e-05,0.5179197378017856,True
SORTIE_002263,56,24,51,5076.354647405845,11.667168599637339,0.23436098707168415,0.08202634547508945,7.076354647405846e-05,0.7614531971108767,True
SORTIE_002264,56,24,52,5518.236541915288,12.256344458983262,0.2508795827210049,0.08780785395235172,7.518236541915289e-05,0.8277354812872932,True
SORTIE_002265,56,24,53,4668.335519774293,11.123143096128603,0.21910826214613235,0.07668789175114632,6.668335519774293e-05,0.700250327966144,True
SORTIE_002266,56,24,54,3289.697453307961,9.284959007506828,0.16757149395154392,0.058650022883040366,5.289697453307962e-05,0.49345461799619417,True
SORTIE_002267,56,24,55,4069.238925649842,10.324347637296,0.19671260729764986,0.06884941255417745,6.069238925649842e-05,0.6103858388474762,True
SORTIE_002268,56,24,56,2450.091746125347,8.16548473126334,0.13618503672362675,0.04766476285326936,4.450091746125347e-05,0.36751376191880203,True
SORTIE_002269,56,25,0,2792.564692728951,7.125564394971143,0.15849662797695613,0.05547381979193464,4.7925646927289515e-05,0.41888470390934257,True
SORTIE_002270,56,25,51,3398.617079055548,7.933634243406605,0.1845151614888868,0.06458030652111038,5.398617079055548e-05,0.5097925618583322,True
SORTIE_002271,56,25,52,3392.2863778621568,7.9251933084820845,0.1842433771268902,0.06448518199441157,5.392286377862157e-05,0.5088429566793234,True
SORTIE_002272,56,25,53,3384.9972205625136,7.91547443208256,0.18393044512999795,0.06437565579549928,5.384997220562515e-05,0.507749583084377,True
SORTIE_002273,56,25,54,3193.4689019578,7.6601033406096075,0.17570791175082073,0.06149776911278725,5.1934689019578e-05,0.47902033529366994,True
SORTIE_002274,56,25,55,3696.7397984942236,8.331131202658172,0.19731391641731483,0.06905987074606018,5.696739798494224e-05,0.5545109697741335,True
SORTIE_002275,56,25,56,3808.7638219011246,8.480496567200708,0.2021232379758361,0.07074313329154262,5.808763821901125e-05,0.5713145732851687,True
SORTIE_002276,56,26,0,1771.0794036011753,6.849725049449775,0.10764156619477251,0.037674548168170376,3.771079403601176e-05,0.2656619105401763,True
SORTIE_002277,56,26,51,2876.1096455856573,8.323098705429086,0.1480026383030079,0.05180092340605276,4.8761096455856577e-05,0.4314164468378486,True
SORTIE_002278,56,26,52,3504.688124357956,9.161203343792149,0.17096137766008868,0.059836482181031034,5.504688124357956e-05,0.5257032186536934,True
SORTIE_002279,56,26,53,3863.672988813685,9.639849829733123,0.18407324867462532,0.06442563703611887,5.8636729888136854e-05,0.5795509483220528,True
SORTIE_002280,56,26,54,2749.759384214455,8.154631690267482,0.1433877130128735,0.050185699554505726,4.7497593842144556e-05,0.4124639076321682,True
SORTIE_002281,56,26,55,3722.5704014238654,9.451713046546697,0.17891949677904684,0.06262182387266639,5.722570401423866e-05,0.5583855602135798,True
SORTIE_002282,56,26,56,1567.360700243278,6.578100111639246,0.10020076958701797,0.03507026935545629,3.567360700243278e-05,0.23510410503649168,True
SORTIE_002283,56,27,0,3836.5349691013034,8.93342742090177,0.18616980311623088,0.0651594310906808,5.836534969101304e-05,0.5754802453651955,True
SORTIE_002284,56,27,51,5523.375137553898,11.18254764550523,0.2503177794864785,0.08761122282026747,7.523375137553898e-05,0.8285062706330847,True
SORTIE_002285,56,27,52,5852.3632974506945,11.621198525367626,0.2628287008540378,0.09199004529891323,7.852363297450695e-05,0.8778544946176042,True
SORTIE_002286,56,27,53,4617.5543428806595,9.974786585940912,0.21587078680804273,0.07555477538281495,6.617554342880662e-05,0.6926331514320988,True
SORTIE_002287,56,27,54,3314.5013867756197,8.237382644467527,0.16631765676011045,0.05821117986603865,5.314501386775621e-05,0.49717520801634296,True
SORTIE_002288,56,27,55,3925.561990077516,9.05213011553672,0.18955536586526978,0.06634437805284442,5.925561990077517e-05,0.5888342985116274,True
SORTIE_002289,56,27,56,3020.4493573910595,7.84531327195478,0.15513530351446317,0.054297356230062106,5.020449357391061e-05,0.45306740360865894,True
SORTIE_002290,56,28,0,1115.88220796204,4.610395074170935,0.08281929671528637,0.028986753850350228,3.11588220796204e-05,0.16738233119430598,True
SORTIE_002291,56,28,51,2648.117844574413,6.653375922987432,0.14506138984216946,0.05077148644475931,4.6481178445744134e-05,0.397217676686162,True
SORTIE_002292,56,28,52,3147.3598268708347,7.3190318993826615,0.16534147288712783,0.05786951551049474,5.147359826870835e-05,0.4721039740306252,True
SORTIE_002293,56,28,53,2917.536991219275,7.012601451847249,0.1560056670897017,0.0546019834813956,4.917536991219276e-05,0.43763054868289125,True
SORTIE_002294,56,28,54,1628.8001025861436,5.294285600336407,0.1036549192532281,0.03627922173862983,3.628800102586144e-05,0.24432001538792153,True
SORTIE_002295,56,28,55,2611.2111733603706,6.604167028035375,0.14356217626703915,0.050246761693463704,4.611211173360371e-05,0.39168167600405557,True
SORTIE_002296,56,28,56,205.85000628818753,3.397018805272465,0.045852196034690616,0.016048268612141713,2.205850006288188e-05,0.03087750094322813,True
SORTIE_002297,56,29,0,2812.0478933657923,7.111087837383289,0.15363813477314422,0.05377334717060048,4.812047893365793e-05,0.42180718400486883,True
SORTIE_002298,56,29,51,3984.98423430562,8.675002958636393,0.2016857327251764,0.07059000645381173,5.984984234305621e-05,0.597747635145843,True
SORTIE_002299,56,29,52,3964.2150147590146,8.647310665907586,0.2008349524434834,0.07029223335521918,5.964215014759015e-05,0.5946322522138522,True
SORTIE_002300,56,29,53,2823.770305193222,7.126717719819863,0.15411832599141714,0.053941414096995995,4.823770305193223e-05,0.42356554577898337,True
SORTIE_002301,56,29,54,2332.286234331272,6.471405625337262,0.1339854098114294,0.04689489343400029,4.332286234331273e-05,0.3498429351496908,True
SORTIE_002302,56,29,55,2832.6643187010413,7.138576404496954,0.15448265606653547,0.05406892962328741,4.832664318701042e-05,0.4248996478051562,True
SORTIE_002303,56,29,56,3486.3239154187754,8.010122533453934,0.1812588521859397,0.06344059826507889,5.4863239154187766e-05,0.5229485873128163,True
SORTIE_002304,56,30,0,3200.60927781435,8.71718532735753,0.164603249156566,0.057611137204798095,5.200609277814351e-05,0.48009139167215253,True
SORTIE_002305,56,30,51,3677.9310452973805,9.353614350668238,0.1827685101747673,0.06396897856116855,5.677931045297381e-05,0.551689656794607,True
SORTIE_002306,56,30,52,4444.850480720146,10.376173597898593,0.21195488438486743,0.07418420953470359,6.444850480720147e-05,0.6667275721080219,True
SORTIE_002307,56,30,53,5317.566978176063,11.539795594506481,0.245167538931867,0.08580863862615344,7.317566978176063e-05,0.7976350467264093,True
SORTIE_002308,56,30,54,4296.408434842357,10.17825087006154,0.20630567939749644,0.07220698778912375,6.296408434842358e-05,0.6444612652263534,True
SORTIE_002309,56,30,55,5255.273325863982,11.456737391423706,0.2427968520470158,0.08497889821645552,7.255273325863982e-05,0.7882909988795973,True
SORTIE_002310,56,30,56,3086.083698390455,8.564484554792338,0.1602447908057853,0.05608567678202485,5.086083698390456e-05,0.46291255475856824,True
SORTIE_002311,56,31,0,3967.146735878686,7.728048713749676,0.18100656138109145,0.063352296483382,5.967146735878686e-05,0.5950720103818029,True
SORTIE_002312,56,31,51,4695.22641561913,8.69882162007027,0.20784788278243432,0.07274675897385201,6.695226415619131e-05,0.7042839623428695,True
SORTIE_002313,56,31,52,5451.8129206483745,9.707603626775928,0.23574013429623603,0.0825090470036826,7.451812920648376e-05,0.8177719380972562,True
SORTIE_002314,56,31,53,6054.0489871108675,10.51058504872592,0.2579421161248773,0.09027974064370704,8.054048987110867e-05,0.9081073480666301,True
SORTIE_002315,56,31,54,4864.62725092801,8.924689400482107,0.2140929990694354,0.07493254967430239,6.86462725092801e-05,0.7296940876392014,True
SORTIE_002316,56,31,55,5850.1496205223375,10.238719226607879,0.25042518001963665,0.08764881300687283,7.850149620522337e-05,0.8775224430783506,True
SORTIE_002317,56,31,56,3425.3056576331996,7.005593942755695,0.16103109587322006,0.05636088355562702,5.4253056576331995e-05,0.51379584864498,True
SORTIE_002318,56,32,0,2682.4683182527556,8.339535841799359,0.14752073297024615,0.05163225653958615,4.682468318252756e-05,0.40237024773791336,True
SORTIE_002319,56,32,51,4047.411887492882,10.159460600786193,0.20016980411298102,0.07005943143954335,6.047411887492883e-05,0.6071117831239323,True
SORTIE_002320,56,32,52,4084.815970883887,10.2093327119742,0.20161256723657162,0.07056439853280005,6.084815970883888e-05,0.612722395632583,True
SORTIE_002321,56,32,53,2802.8301450381105,8.500018277513165,0.15216337060311141,0.053257179711088995,4.802830145038112e-05,0.4204245217557166,True
SORTIE_002322,56,32,54,1857.5759555522397,7.2396793581986705,0.11570270205113947,0.040495945717898815,3.85757595555224e-05,0.27863639333283596,True
SORTIE_002323,56,32,55,2580.480420162372,8.203551977678847,0.1435868208120696,0.05025538728422436,4.580480420162373e-05,0.3870720630243558,True
SORTIE_002324,56,32,56,3155.3869728281215,8.970094047899845,0.16576231339201125,0.058016809687203935,5.155386972828123e-05,0.4733080459242182,True
SORTIE_002325,56,33,0,3651.320432724463,7.214897434628682,0.1745711742948872,0.061099911003210515,5.6513204327244624e-05,0.5476980649086695,True
SORTIE_002326,56,33,51,5257.048538410555,9.35586824221014,0.23621995861110393,0.08267698551388637,7.257048538410555e-05,0.7885572807615833,True
SORTIE_002327,56,33,52,5716.682347540037,9.968713321049448,0.25386669809528156,0.08885334433334854,7.716682347540036e-05,0.8575023521310056,True
SORTIE_002328,56,33,53,4902.821859755955,8.883566004004006,0.2226201193642867,0.07791704177750033,6.902821859755956e-05,0.7354232789633933,True
SORTIE_002329,56,33,54,3522.954602384951,7.043742994176,0.16964281976204346,0.05937498691671521,5.5229546023849517e-05,0.5284431903577427,True
SORTIE_002330,56,33,55,4304.153282134148,8.085341233841596,0.19963541237185758,0.06987239433015015,6.304153282134147e-05,0.6456229923201222,True
SORTIE_002331,56,33,56,2627.895968974246,5.850331482961726,0.13527879733127995,0.047347579065947984,4.6278959689742456e-05,0.39418439534613686,True
SORTIE_002332,56,34,0,2567.922061418215,5.58404187977248,0.12810870388020845,0.04483804635807295,4.5679220614182156e-05,0.3851883092127322,True
SORTIE_002333,56,34,51,4251.1682835351985,7.828370175928458,0.19003157515765523,0.06651105130517933,6.2511682835352e-05,0.6376752425302797,True
SORTIE_002334,56,34,52,4509.197124138637,8.172408630066377,0.19952388024803025,0.06983335808681058,6.509197124138638e-05,0.6763795686207956,True
SORTIE_002335,56,34,53,3321.3659597599244,6.588633744228092,0.15582622311106342,0.054539178088872195,5.321365959759926e-05,0.49820489396398865,True
SORTIE_002336,56,34,54,1958.4276634530165,4.771382682485548,0.105686765453365,0.03699036790867775,3.9584276634530176e-05,0.29376414951795243,True
SORTIE_002337,56,34,55,2738.0116412023717,5.810827986151355,0.13436591985741883,0.04702807195009659,4.738011641202373e-05,0.41070174618035576,True
SORTIE_002338,56,34,56,2105.054070790355,4.966884558935333,0.1110808236892453,0.03887828829123585,4.105054070790356e-05,0.3157581106185533,True
SORTIE_002339,56,35,0,2011.1776252631435,5.635543457873673,0.1196060235014383,0.0418621082255034,4.011177625263144e-05,0.3016766437894715,True
SORTIE_002340,56,35,51,3689.5508544065824,7.873374430064925,0.18869626031154488,0.06604369110904071,5.689550854406583e-05,0.5534326281609874,True
SORTIE_002341,56,35,52,4058.128776509277,8.364811659535185,0.20386877109691312,0.07135406988391958,6.0581287765092776e-05,0.6087193164763915,True
SORTIE_002342,56,35,53,3231.006268928557,7.2619816494275575,0.16982027167650368,0.05943709508677628,5.231006268928557e-05,0.4846509403392835,True
SORTIE_002343,56,35,54,1842.0998721668789,5.41010645374532,0.11264593750989553,0.03942607812846343,3.842099872166879e-05,0.2763149808250318,True
SORTIE_002344,56,35,55,2733.8717727439594,6.599135654514761,0.14935572930210225,0.052274505255735786,4.73387177274396e-05,0.41008076591159387,True
SORTIE_002345,56,35,56,1249.615613158301,4.620127441733883,0.08825632198793305,0.030889712695776568,3.249615613158301e-05,0.18744234197374512,True
SORTIE_002346,56,36,0,2988.857527006104,6.1155685553798484,0.16062297048153387,0.05621803966853685,4.9888575270061046e-05,0.44832862905091564,True
SORTIE_002347,56,36,51,3630.3026231026665,6.970828683508598,0.1879004453842453,0.06576515588448585,5.630302623102667e-05,0.5445453934654,True
SORTIE_002348,56,36,52,3553.5592271479527,6.86850415556898,0.18463692981628402,0.0646229254356994,5.553559227147953e-05,0.5330338840721929,True
SORTIE_002349,56,36,53,3280.593983346197,6.504550497166639,0.17302907338020643,0.060560175683072245,5.280593983346197e-05,0.49208909750192953,True
SORTIE_002350,56,36,54,3194.451380455022,6.389693693311738,0.1693658562121005,0.059278049674235174,5.1944513804550226e-05,0.4791677070682533,True
SORTIE_002351,56,36,55,3617.608642624373,6.953903376204206,0.18736063342524942,0.0655762216988373,5.617608642624373e-05,0.5426412963936559,True
SORTIE_002352,56,36,56,3962.762979377541,7.4141091585417636,0.20203833353651388,0.07071341673777985,5.962762979377541e-05,0.5944144469066311,True
SORTIE_002353,56,37,0,3541.669147760901,8.435923485576186,0.17464085284057757,0.061124298494202145,5.541669147760902e-05,0.5312503721641352,True
SORTIE_002354,56,37,51,4910.5334314782185,10.261075863865942,0.22673601395674442,0.07935760488486054,6.910533431478218e-05,0.7365800147217327,True
SORTIE_002355,56,37,52,4882.636474935669,10.22387992180921,0.22567433350892951,0.07898601672812533,6.882636474935669e-05,0.7323954712403503,True
SORTIE_002356,56,37,53,3048.877826970527,7.778868391189022,0.1558865880397548,0.054560305813914176,5.048877826970527e-05,0.45733167404557906,True
SORTIE_002357,56,37,54,2345.9965027165804,6.841693292183759,0.1291368829973258,0.04519790904906403,4.34599650271658e-05,0.35189947540748706,True
SORTIE_002358,56,37,55,2464.907972093851,7.000241918020119,0.1336623222460924,0.04678181278613234,4.4649079720938515e-05,0.3697361958140777,True
SORTIE_002359,56,37,56,3807.1006195549694,8.789832114634944,0.1847424351909202,0.06465985231682207,5.8071006195549695e-05,0.5710650929332454,True
SORTIE_002360,56,38,0,2183.252901288223,6.4822627145372085,0.11950818039312919,0.04182786313759521,4.1832529012882235e-05,0.3274879351932334,True
SORTIE_002361,56,38,51,3765.2415667077494,8.591580935096577,0.17763800403055466,0.062173301410694125,5.7652415667077496e-05,0.5647862350061623,True
SORTIE_002362,56,38,52,3929.9767884548164,8.811227897426,0.18369116332072552,0.06429190716225393,5.9299767884548166e-05,0.5894965182682225,True
SORTIE_002363,56,38,53,2835.588491746449,7.352043501814843,0.14347810739364691,0.05021733758777642,4.8355884917464494e-05,0.4253382737619673,True
SORTIE_002364,56,38,54,1488.7075689453568,5.556202271413387,0.0939872657621883,0.0328955430167659,3.488707568945357e-05,0.22330613534180352,True
SORTIE_002365,56,38,55,2474.1191127100947,6.870084329766371,0.13019599500370713,0.04556859825129749,4.474119112710096e-05,0.37111786690651416,True
SORTIE_002366,56,38,56,2367.5269502747647,6.727961446519265,0.12627928956899762,0.04419775134914916,4.367526950274765e-05,0.35512904254121463,True
SORTIE_002367,56,39,0,3084.28069723743,8.886899870037425,0.17436026071344157,0.061026091249704546,5.084280697237431e-05,0.4626421045856145,True
SORTIE_002368,56,39,51,4068.881343695578,10.199700731981624,0.2159440910605122,0.07558043187117927,6.0688813436955786e-05,0.6103322015543367,True
SORTIE_002369,56,39,52,3979.7461213725546,10.080853768884259,0.21217953537353135,0.07426283738073597,5.979746121372555e-05,0.5969619182058832,True
SORTIE_002370,56,39,53,2890.709839142971,8.628805392578148,0.16618494846670212,0.05816473196334574,4.8907098391429706e-05,0.43360647587144563,True
SORTIE_002371,56,39,54,2735.4394323955717,8.421778183581615,0.15962722552051986,0.055869528932181944,4.7354394323955725e-05,0.4103159148593358,True
SORTIE_002372,56,39,55,3072.613265773801,8.871343294752588,0.17386749596428674,0.060853623587500356,5.0726132657738014e-05,0.4608919898660701,True
SORTIE_002373,56,39,56,3855.285144951595,9.91490580032298,0.20692302437393195,0.07242305853087617,5.855285144951595e-05,0.5782927717427392,True
SORTIE_002374,56,40,0,2159.618363955369,7.8182031937002705,0.13611755631291744,0.047641144709521105,4.159618363955369e-05,0.32394275459330535,True
SORTIE_002375,56,40,51,3784.16171587775,9.984260996263444,0.20484390287915674,0.07169536600770486,5.78416171587775e-05,0.5676242573816624,True
SORTIE_002376,56,40,52,3977.917041852972,10.242601430897075,0.21304072672277427,0.074564254352971,5.977917041852972e-05,0.5966875562779458,True
SORTIE_002377,56,40,53,2880.4124777704637,8.779262012120398,0.1666107690735015,0.05831376917572552,4.880412477770464e-05,0.4320618716655696,True
SORTIE_002378,56,40,54,1499.8484597259394,6.938509988061031,0.10820597424378421,0.03787209098532447,3.4998484597259394e-05,0.2249772689588909,True
SORTIE_002379,56,40,55,2463.461390048756,8.223327228491453,0.14897164302492705,0.052140075058724464,4.463461390048757e-05,0.3695192085073134,True
SORTIE_002380,56,40,56,2190.2050444361116,7.85898543434126,0.137411526584959,0.04809403430473565,4.190205044436112e-05,0.3285307566654167,True
SORTIE_002381,56,41,0,2215.979159943337,7.2916279436588365,0.13510073957882707,0.04728525885258947,4.215979159943337e-05,0.3323968739915006,True
SORTIE_002382,56,41,51,3508.85104253297,9.015457120445014,0.18921562827410324,0.06622546989593613,5.5088510425329714e-05,0.5263276563799455,True
SORTIE_002383,56,41,52,4119.106516409483,9.8291310856137,0.21475869057534488,0.0751655417013707,6.119106516409484e-05,0.6178659774614225,True
SORTIE_002384,56,41,53,4128.487403253428,9.841638934738958,0.21515134019071605,0.07530296906675062,6.128487403253429e-05,0.6192731104880141,True
SORTIE_002385,56,41,54,2836.085830849797,8.118436838200783,0.16105613695980062,0.05636964793593021,4.836085830849797e-05,0.4254128746274695,True
SORTIE_002386,56,41,55,3813.993840177456,9.422314183970997,0.2019877898108066,0.0706957264337823,5.813993840177456e-05,0.5720990760266184,True
SORTIE_002387,56,41,56,1350.8751795726741,6.138155969831287,0.09889065083141924,0.03461172779099673,3.3508751795726745e-05,0.2026312769359011,True
SORTIE_002388,56,42,0,4497.25584896936,10.569057564326819,0.22386682440273264,0.07835338854095641,6.497255848969362e-05,0.6745883773454041,True
SORTIE_002389,56,42,51,5809.803671670681,12.319121327928581,0.27656886968288064,0.09679910438900821,7.809803671670682e-05,0.8714705507506022,True
SORTIE_002390,56,42,52,5707.478299596789,12.182687498496724,0.2724602526107441,0.09536108841376043,7.70747829959679e-05,0.8561217449395183,True
SORTIE_002391,56,42,53,3511.3097817465514,9.25446280802974,0.18427864835317737,0.06449752692361208,5.5113097817465525e-05,0.5266964672619827,True
SORTIE_002392,56,42,54,3296.108477789479,8.967527736086977,0.17563778310672046,0.06147322408735215,5.29610847778948e-05,0.49441627166842184,True
SORTIE_002393,56,42,55,2681.992142373358,8.148705955532149,0.15097949153318452,0.05284282203661458,4.6819921423733585e-05,0.4022988213560037,True
SORTIE_002394,56,42,56,4708.786343945654,10.85109822429521,0.23236029757876453,0.08132610415256758,6.708786343945655e-05,0.7063179515918481,True
SORTIE_002395,56,43,0,2545.1588551698037,6.192935092728943,0.1357021397254199,0.04749574890389696,4.545158855169804e-05,0.3817738282754705,True
SORTIE_002396,56,43,51,4145.657355433214,8.326933093080157,0.19827463126183872,0.06939612094164355,6.145657355433216e-05,0.6218486033149822,True
SORTIE_002397,56,43,52,4608.933939070729,8.944635204596844,0.2163867195292807,0.07573535183524824,6.60893393907073e-05,0.6913400908606093,True
SORTIE_002398,56,43,53,3952.992363575736,8.070046437270186,0.19074227270581243,0.06675979544703435,5.9529923635757374e-05,0.5929488545363604,True
SORTIE_002399,56,43,54,2564.2024955882757,6.218326613286905,0.13644666277790093,0.04775633197226532,4.564202495588276e-05,0.3846303743382413,True
SORTIE_002400,56,43,55,3440.074788604593,7.3861563373086625,0.1706894387834563,0.0597413035742097,5.4400747886045934e-05,0.5160112182906889,True
SORTIE_002401,56,43,56,1516.6241971766356,4.821555548738052,0.09549093292229018,0.03342182652280156,3.516624197176636e-05,0.22749362957649533,True
SORTIE_002402,56,44,0,1512.2575946614406,4.714053281135209,0.09589573049073255,0.03356350567175639,3.512257594661441e-05,0.2268386391992161,True
SORTIE_002403,56,44,51,2881.2984727007374,6.539441118520937,0.15030845311113444,0.05260795858889705,4.881298472700738e-05,0.4321947709051106,True
SORTIE_002404,56,44,52,3450.7795026940485,7.2987491585120186,0.172942556898441,0.06052989491445435,5.450779502694049e-05,0.5176169254041072,True
SORTIE_002405,56,44,53,3455.509668647276,7.305056046449655,0.1731305580108184,0.06059569530378643,5.455509668647276e-05,0.5183264502970915,True
SORTIE_002406,56,44,54,2207.936326220019,5.641624923213314,0.12354557971029938,0.04324095289860478,4.207936326220019e-05,0.33119044893300287,True
SORTIE_002407,56,44,55,3193.3069242829847,6.955452387297267,0.16270927298692967,0.05694824554542538,5.1933069242829846e-05,0.47899603864244766,True
SORTIE_002408,56,44,56,793.276832265938,3.7554122646078714,0.0673197387718727,0.023561908570155443,2.7932768322659383e-05,0.11899152483989069,True
SORTIE_002409,56,45,0,3929.1958833190333,8.377320083606165,0.19065369304829127,0.06672879256690194,5.929195883319034e-05,0.589379382497855,True
SORTIE_002410,56,45,51,5584.466564173594,10.584347658078912,0.2551508965905843,0.0893028138067045,7.584466564173595e-05,0.837669984626039,True
SORTIE_002411,56,45,52,5759.0287883078045,10.817097290257859,0.2619526695157031,0.09168343433049608,7.759028788307805e-05,0.8638543182461706,True
SORTIE_002412,56,45,53,4135.338388415805,8.652176757068526,0.19868598363600382,0.06954009427260133,6.135338388415806e-05,0.6203007582623706,True
SORTIE_002413,56,45,54,3007.8486085714667,7.148857050609409,0.15475362945153134,0.054163770308035965,5.007848608571468e-05,0.45117729128572,True
SORTIE_002414,56,45,55,3378.7814109898363,7.643434120500569,0.16920693230695288,0.059222426307433504,5.378781410989837e-05,0.5068172116484755,True
SORTIE_002415,56,45,56,3482.0250009429365,7.781092240438036,0.17322979268420813,0.06063042743947284,5.482025000942937e-05,0.5223037501414405,True
SORTIE_002416,56,46,0,4803.950939747299,11.1543119782776,0.22884325057429897,0.08009513770100464,6.8039509397473e-05,0.7205926409620949,True
SORTIE_002417,56,46,51,6490.58338152465,13.403155233980733,0.2937417219074815,0.10280960266761852,8.49058338152465e-05,0.9735875072286975,True
SORTIE_002418,56,46,52,6730.446279803928,13.722972431686436,0.3029711989661984,0.10603991963816943,8.730446279803929e-05,1.009566941970589,True
SORTIE_002419,56,46,53,5157.806075464863,11.626118825901017,0.24245893637082375,0.08486062772978831,7.157806075464864e-05,0.7736709113197295,True
SORTIE_002420,56,46,54,4020.8429986243545,10.110168056780338,0.1987107172440383,0.0695487510354134,6.0208429986243555e-05,0.6031264497936532,True
SORTIE_002421,56,46,55,4378.840086286764,10.587497506996886,0.212485777627994,0.07437002216979789,6.378840086286765e-05,0.6568260129430146,True
SORTIE_002422,56,46,56,4125.910268924105,10.250257750513342,0.20275350988854515,0.0709637284609908,6.125910268924105e-05,0.6188865403386158,True
SORTIE_002423,56,47,0,3293.039689636267,8.936401052502564,0.1706185159323643,0.0597164805763275,5.293039689636267e-05,0.49395595344544,True
SORTIE_002424,56,47,51,4259.24432863778,10.22467390450458,0.20800921362882493,0.07280322477008873,6.25924432863778e-05,0.638886649295667,True
SORTIE_002425,56,47,52,4966.690319644244,11.16793522584653,0.23538633242803855,0.0823852163498135,6.966690319644245e-05,0.7450035479466365,True
SORTIE_002426,56,47,53,5328.040048641043,11.64973486450893,0.2493700351906126,0.08727951231671441,7.328040048641044e-05,0.7992060072961564,True
SORTIE_002427,56,47,54,4088.233776857276,9.996659835463909,0.20139135692805646,0.07048697492481976,6.088233776857276e-05,0.6132350665285914,True
SORTIE_002428,56,47,55,5072.53155156245,11.30905686840414,0.23948223235102414,0.08381878132285844,7.07253155156245e-05,0.7608797327343674,True
SORTIE_002429,56,47,56,2620.3078598702646,8.039425279481227,0.14458478408901296,0.05060467443115453,4.6203078598702645e-05,0.3930461789805397,True
SORTIE_002430,56,48,0,3661.0374423505505,8.780136144270262,0.1944711346558169,0.06806489712953591,5.6610374423505515e-05,0.5491556163525825,True
SORTIE_002431,56,48,51,5264.369176607679,10.917911789946434,0.26186035839444893,0.09165112543805712,7.26436917660768e-05,0.7896553764911518,True
SORTIE_002432,56,48,52,5726.2409168616605,11.533740776951742,0.2812731707136338,0.09844560974977182,7.726240916861661e-05,0.858936137529249,True
SORTIE_002433,56,48,53,4918.904071565266,10.457291649889884,0.2473402034195461,0.08656907119684112,6.918904071565268e-05,0.7378356107347899,True
SORTIE_002434,56,48,54,3538.58784663598,8.616870016650836,0.18932448719290895,0.06626357051751813,5.538587846635981e-05,0.530788176995397,True
SORTIE_002435,56,48,55,4321.359714037324,9.660565839852627,0.22222497021930943,0.0777787395767583,6.321359714037323e-05,0.6482039571055985,True
SORTIE_002436,56,48,56,2635.3419957214664,7.412542215431484,0.1513603931519015,0.052976137603165524,4.635341995721467e-05,0.39530129935821995,True
SORTIE_002437,56,49,0,2580.010454292798,7.5244083255125584,0.14852218237292175,0.05198276383052261,4.580010454292799e-05,0.38700156814391967,True
SORTIE_002438,56,49,51,4072.5283075232765,9.514432129819863,0.21052772038526696,0.07368470213484343,6.072528307523277e-05,0.6108792461284914,True
SORTIE_002439,56,49,52,4164.104941531883,9.636534308498005,0.21433220315830243,0.07501627110540585,6.164104941531884e-05,0.6246157412297824,True
SORTIE_002440,56,49,53,2854.2774926989505,7.890097710054095,0.15991640136910817,0.055970740479187854,4.8542774926989504e-05,0.4281416239048426,True
SORTIE_002441,56,49,54,1496.381713420043,6.079570004348885,0.10350363674010137,0.03622627285903548,3.496381713420043e-05,0.22445725701300645,True
SORTIE_002442,56,49,55,2477.393452264166,7.3875856561410504,0.1442590357671862,0.050490662518515174,4.477393452264167e-05,0.3716090178396249,True
SORTIE_002443,56,49,56,2852.0842665930895,7.8871734085796135,0.15982528543077462,0.055938849900771116,4.85208426659309e-05,0.4278126399889634,True
SORTIE_002444,56,50,0,2217.8122711913406,5.242370272944925,0.11692037070550994,0.04092212974692848,4.217812271191341e-05,0.3326718406787011,True
SORTIE_002445,56,50,51,3765.3449058891374,7.305747119208654,0.17468159277153195,0.06113855747003618,5.765344905889138e-05,0.5648017358833706,True
SORTIE_002446,56,50,52,4266.23531069696,7.973600992285752,0.19337718681210236,0.06768201538423582,6.266235310696961e-05,0.6399352966045441,True
SORTIE_002447,56,50,53,3792.657970855147,7.342164539163334,0.17570104526993657,0.061495365844477796,5.792657970855148e-05,0.568898695628272,True
SORTIE_002448,56,50,54,2417.2121144411935,5.5082367306113955,0.1243629139951601,0.043527019898306034,4.4172121144411936e-05,0.36258181716617904,True
SORTIE_002449,56,50,55,3340.1445580410546,6.738813322077877,0.1588111089032554,0.05558388811613938,5.340144558041055e-05,0.5010216837061582,True
SORTIE_002450,56,50,56,1154.450505191537,3.8245545849451865,0.07723069067855119,0.027030741737492914,3.154450505191538e-05,0.17316757577873054,True
